province,station_id,station name,"latitude (', '')","longitude (', "")",Elevation (m)
安徽,580150,砀山,3427,11620.0,45.4
安徽,580160,萧县,3411,11658.0,35.9
安徽,581020,亳州,3352,11546.0,39.2
安徽,581070,临泉,3301,11517.0,37.0
安徽,581080,界首,3314,11520.0,35.0
安徽,581090,太和,3311,11537.0,34.2
安徽,581120,天柱山,3044,11627.0,969.4
安徽,581130,濉溪,3356,11645.0,32.8
安徽,581140,涡阳,3329,11611.0,32.3
安徽,581160,淮北,3359,11650.0,32.7
安徽,581170,利辛,3308,11612.0,29.4
安徽,581180,蒙城,3316,11631.0,27.2
安徽,581220,宿州,3338,11659.0,27.1
安徽,581250,灵璧,3335,11731.0,24.4
安徽,581260,泗县,3328,11752.0,20.7
安徽,581270,怀远,3259,11712.0,22.4
安徽,581280,固镇,3320,11721.0,22.2
安徽,581290,五河,3309,11750.0,16.1
安徽,582020,阜南,3240,11534.0,32.4
安徽,582030,阜阳,3252,11544.0,33.9
安徽,582100,颍上,3239,11614.0,26.2
安徽,582120,凤台,3243,11646.0,24.2
安徽,582140,霍邱,3220,11617.0,34.1
安徽,582150,寿县,3226,11647.0,26.9
安徽,582200,长丰,3228,11709.0,29.3
安徽,582210,蚌埠,3251,11718.0,28.0
安徽,582220,凤阳,3251,11733.0,25.6
安徽,582230,明光,3248,11759.0,32.6
安徽,582240,淮南,3239,11701.0,33.6
安徽,582250,定远,3232,11740.0,70.6
安徽,582340,来安,3228,11825.0,41.6
安徽,582360,滁州,3221,11815.0,34.7
安徽,582400,天长,3241,11901.0,22.5
安徽,583060,金寨,3141,11553.0,96.5
安徽,583110,六安,3144,11630.0,75.3
安徽,583140,霍山,3124,11619.0,87.6
安徽,583160,舒城,3128,11655.0,24.8
安徽,583170,岳西,3052,11622.0,435.4
安徽,583190,桐城,3104,11657.0,86.0
安徽,583200,肥西,3144,11708.0,22.8
安徽,583210,合肥,3147,11718.0,28.2
安徽,583230,肥东,3153,11728.0,26.0
安徽,583260,巢湖,3135,11750.0,31.9
安徽,583270,庐江,3116,11717.0,46.4
安徽,583290,无为,3120,11752.0,10.8
安徽,583300,含山,3145,11805.0,27.0
安徽,583310,和县,3144,11822.0,23.5
安徽,583340,芜湖,3123,11822.0,10.7
安徽,583350,当涂,3134,11831.0,24.4
安徽,583360,马鞍山,3142,11834.0,81.2
安徽,583370,繁昌,3105,11811.0,28.0
安徽,583380,芜湖县,3109,11835.0,18.3
安徽,584170,宿松,3010,11608.0,55.9
安徽,584290,铜陵,3059,11751.0,12.2
安徽,584310,南陵,3054,11819.0,40.2
安徽,584320,泾县,3041,11824.0,58.4
安徽,584330,宣城,3056,11845.0,32.2
安徽,584350,旌德,3018,11832.0,221.3
安徽,584360,宁国,3037,11859.0,88.5
安徽,584370,黄山,3008,11809.0,1841.4
安徽,584410,广德,3052,11925.0,44.3
安徽,584420,郎溪,3110,11911.0,17.7
安徽,585200,祁门,2951,11743.0,143.1
安徽,585230,黟县,2956,11756.0,228.7
安徽,585300,歙县,2952,11826.0,170.1
安徽,585310,屯溪,2943,11817.0,143.9
安徽,585340,休宁,2947,11811.0,171.4
北京,543980,顺义,4008,11637.0,29.6
北京,543990,海淀,3959,11617.0,46.9
北京,544060,延庆,4027,11558.0,489.1
北京,544160,密云,4023,11652.0,73.0
北京,544190,怀柔,4022,11638.0,76.8
北京,544210,密云上甸子,4039,11707.0,294.3
北京,544240,平谷,4010,11707.0,33.3
北京,544310,通州,3955,11638.0,44.5
北京,544330,朝阳,3957,11630.0,36.3
北京,544990,昌平,4013,11613.0,77.4
北京,545010,斋堂,3958,11541.0,441.3
北京,545050,门头沟,3956,11606.0,99.1
北京,545110,北京,3948,11628.0,32.5
北京,545130,石景山,3957,11612.0,66.8
北京,545140,丰台,3952,11615.0,56.7
北京,545940,大兴,3943,11621.0,38.8
北京,545960,房山,3946,11612.0,49.9
北京,545970,霞云岭,3944,11544.0,408.7
福建,587240,光泽,2732,11719.0,269.2
福建,587250,邵武,2720,11728.0,218.9
福建,587300,武夷山,2746,11802.0,223.1
福建,587310,浦城,2755,11832.0,277.9
福建,587340,建阳,2720,11807.0,198.1
福建,587350,松溪,2731,11845.0,261.3
福建,587360,政和,2723,11849.0,263.6
福建,587370,建瓯,2703,11819.0,155.7
福建,587440,寿宁,2727,11925.0,816.9
福建,587470,周宁,2709,11921.0,900.3
福建,587480,福安,2706,11939.0,51.5
福建,587490,柘荣,2714,11953.0,685.1
福建,587540,福鼎,2720,12012.0,37.0
福建,588180,宁化,2614,11638.0,359.7
福建,588190,清流,2611,11649.0,338.0
福建,588200,泰宁,2654,11710.0,344.1
福建,588220,建宁,2650,11651.0,343.5
福建,588230,顺昌,2648,11748.0,176.4
福建,588240,明溪,2624,11709.0,358.4
福建,588260,沙县,2624,11748.0,121.5
福建,588280,三明,2616,11737.0,209.2
福建,588360,古田,2635,11844.0,362.7
福建,588370,尤溪,2609,11809.0,205.9
福建,588390,闽清,2614,11851.0,41.8
福建,588430,霞浦,2653,12001.0,57.8
福建,588440,闽侯,2609,11909.0,58.6
福建,588450,罗源,2630,11932.0,61.5
福建,588460,宁德,2640,11931.0,33.2
福建,588470,福州,2605,11917.0,84.8
福建,588480,连江,2612,11933.0,14.4
福建,588500,三沙,2655,12014.0,93.2
福建,589110,长汀,2551,11622.0,311.2
福建,589170,武平,2505,11606.0,308.2
福建,589180,上杭,2503,11625.0,198.7
福建,589230,大田,2542,11750.0,400.9
福建,589260,漳平,2518,11725.0,206.5
福建,589270,龙岩,2503,11701.0,377.0
福建,589280,华安,2501,11732.0,167.7
福建,589290,安溪,2504,11809.0,69.0
福建,589310,九仙山,2543,11806.0,1654.6
福建,589320,永泰,2552,11856.0,86.6
福建,589340,永春,2520,11816.0,171.3
福建,589350,德化,2529,11814.0,522.4
福建,589380,秀屿,2514,11859.0,24.3
福建,589410,长乐,2558,11930.0,26.9
福建,589420,福清,2543,11923.0,40.3
福建,589440,平潭,2531,11947.0,33.4
福建,589460,莆田,2527,11900.0,81.9
福建,591130,永定,2444,11643.0,227.9
福建,591220,长泰,2437,11745.0,44.0
福建,591240,南靖,2431,11723.0,54.7
福建,591250,平和,2423,11718.0,109.5
福建,591270,龙海,2426,11750.0,32.8
福建,591290,漳浦,2408,11736.0,53.8
福建,591300,同安,2444,11809.0,31.7
福建,591310,南安,2458,11822.0,46.6
福建,591330,崇武,2454,11855.0,22.5
福建,591340,厦门,2429,11804.0,140.6
福建,593200,诏安,2345,11708.0,38.8
福建,593220,云霄,2359,11722.0,23.8
甘肃,523230,马鬃山,4148,9702.0,1771.6
甘肃,525150,肃北,3931,9452.0,2138.6
甘肃,525330,酒泉,3946,9829.0,1478.4
甘肃,525460,高台,3922,9950.0,1333.4
甘肃,525570,临泽,3909,10010.0,1454.9
甘肃,526430,肃南,3850,9937.0,2313.0
甘肃,526520,张掖,3905,10017.0,1462.3
甘肃,526560,民乐,3826,10049.0,2282.6
甘肃,526740,永昌,3814,10158.0,1978.1
甘肃,526790,武威,3755,10240.0,1532.7
甘肃,526810,民勤,3838,10305.0,1368.7
甘肃,527840,古浪,3728,10254.0,2073.6
甘肃,527870,乌鞘岭,3712,10252.0,3046.3
甘肃,527970,景泰,3711,10403.0,1632.1
甘肃,528810,天祝,3659,10311.0,2486.0
甘肃,528840,皋兰,3621,10357.0,1669.7
甘肃,528850,永登,3645,10315.0,2120.0
甘肃,528950,靖远,3634,10441.0,1399.4
甘肃,528960,白银,3633,10409.0,1739.9
甘肃,529780,夏河,3512,10231.0,2930.6
甘肃,529800,永靖,3558,10318.0,1649.2
甘肃,529810,东乡,3541,10323.0,2422.2
甘肃,529820,广河,3529,10333.0,1954.4
甘肃,529830,榆中,3552,10409.0,1875.6
甘肃,529840,临夏,3535,10311.0,1918.4
甘肃,529850,和政,3525,10320.0,2164.0
甘肃,529860,临洮,3522,10352.0,1895.0
甘肃,529880,康乐,3522,10343.0,2017.0
甘肃,529930,会宁,3541,10504.0,1740.6
甘肃,529950,安定,3535,10437.0,1898.4
甘肃,529960,华家岭,3523,10501.0,2451.8
甘肃,529980,渭源,3508,10412.0,2112.2
甘肃,538210,环县,3634,10718.0,1256.8
甘肃,538290,庆城,3559,10754.0,1094.9
甘肃,539060,静宁,3531,10543.0,1657.6
甘肃,539080,通渭,3513,10514.0,1769.4
甘肃,539150,崆峒,3533,10640.0,1347.8
甘肃,539170,庄浪,3513,10604.0,1632.2
甘肃,539230,西峰,3544,10738.0,1422.2
甘肃,539240,灵台,3504,10737.0,967.8
甘肃,539250,镇原,3541,10711.0,1173.7
甘肃,539260,泾川,3521,10721.0,1030.0
甘肃,539270,华亭,3512,10637.0,1478.8
甘肃,539280,崇信,3518,10701.0,1150.3
甘肃,539300,华池,3627,10759.0,1272.2
甘肃,539340,合水,3547,10759.0,1275.7
甘肃,539350,正宁,3529,10824.0,1483.1
甘肃,539370,宁县,3531,10755.0,980.6
甘肃,560710,碌曲,3435,10230.0,3106.9
甘肃,560740,玛曲,3400,10205.0,3472.6
甘肃,560800,合作,3500,10254.0,2911.2
甘肃,560810,临潭,3442,10321.0,2811.4
甘肃,560820,卓尼,3435,10330.0,2541.5
甘肃,560840,迭部,3404,10314.0,2375.4
甘肃,560910,漳县,3451,10428.0,1884.5
甘肃,560920,陇西,3500,10439.0,1729.4
甘肃,560930,岷县,3426,10401.0,2316.2
甘肃,560940,舟曲,3347,10422.0,1401.2
甘肃,560950,宕昌,3402,10423.0,1754.4
甘肃,560960,武都,3324,10455.0,1080.3
甘肃,561920,文县,3257,10440.0,1015.5
甘肃,570010,甘谷,3445,10520.0,1273.1
甘肃,570020,秦安,3451,10539.0,1217.3
甘肃,570040,武山,3444,10453.0,1496.6
甘肃,570060,天水,3435,10545.0,1142.8
甘肃,570070,礼县,3411,10511.0,1405.8
甘肃,570080,西和,3402,10518.0,1580.2
甘肃,570110,清水,3445,10609.0,1379.4
甘肃,570120,张家川,3459,10612.0,1665.7
甘肃,570140,麦积,3434,10552.0,1086.4
甘肃,571020,成县,3345,10543.0,971.2
甘肃,571050,康县,3320,10536.0,1222.4
甘肃,571100,徽县,3347,10605.0,932.0
甘肃,571110,两当,3355,10618.0,962.6
广东,579880,乐昌,2509,11321.0,103.5
广东,579890,仁化,2504,11346.0,113.6
广东,579960,南雄,2505,11415.0,150.5
广东,590710,连南,2444,11217.0,175.1
广东,590720,连州,2448,11222.0,132.2
广东,590740,连山,2434,11209.0,301.4
广东,590750,阳山,2429,11238.0,71.3
广东,590810,乳源,2447,11317.0,131.9
广东,590820,韶关,2440,11336.0,122.3
广东,590870,佛冈,2353,11331.0,98.2
广东,590880,英德,2411,11325.0,75.3
广东,590900,始兴,2457,11404.0,104.1
广东,590940,翁源,2421,11407.0,184.6
广东,590960,连平,2422,11429.0,215.7
广东,590970,新丰,2403,11412.0,199.3
广东,590990,和平,2427,11456.0,174.6
广东,591060,平远,2435,11554.0,153.5
广东,591070,龙川,2407,11517.0,180.4
广东,591090,兴宁,2409,11544.0,124.5
广东,591140,蕉岭,2439,11610.0,136.4
广东,591160,大埔,2420,11642.0,81.9
广东,591170,梅县,2417,11604.0,116.9
广东,592640,封开,2324,11130.0,84.3
广东,592680,郁南,2315,11132.0,30.1
广东,592690,德庆,2310,11147.0,47.8
广东,592700,怀集,2355,11211.0,85.6
广东,592710,广宁,2338,11226.0,58.2
广东,592760,四会,2321,11239.0,41.0
广东,592780,高要,2302,11227.0,41.9
广东,592790,三水,2311,11252.0,25.0
广东,592800,清远,2343,11305.0,79.9
广东,592840,花都,2325,11314.0,39.8
广东,592850,从化,2334,11336.0,39.2
广东,592870,广州,2313,11329.0,71.5
广东,592880,南海,2309,11301.0,30.3
广东,592890,东莞,2258,11344.0,56.8
广东,592900,龙门,2347,11415.0,86.0
广东,592930,河源,2348,11444.0,71.6
广东,592940,增城,2320,11350.0,31.5
广东,592970,博罗,2311,11417.0,17.9
广东,592980,惠阳,2304,11422.0,109.3
广东,593030,五华,2355,11545.0,136.8
广东,593040,紫金,2338,11511.0,177.6
广东,593060,揭西,2327,11551.0,81.5
广东,593100,丰顺,2346,11611.0,46.2
广东,593120,潮州,2340,11642.0,61.5
广东,593130,饶平,2341,11659.0,45.5
广东,593140,普宁,2318,11608.0,29.8
广东,593150,揭阳,2335,11624.0,44.0
广东,593160,汕头,2324,11641.0,3.9
广东,593170,惠来,2302,11618.0,15.3
广东,593180,潮阳,2316,11635.0,6.7
广东,593190,澄海,2326,11650.0,4.6
广东,593240,南澳,2326,11702.0,8.0
广东,594560,信宜,2221,11056.0,142.2
广东,594620,罗定,2242,11136.0,60.9
广东,594690,阳春,2210,11147.0,38.6
广东,594700,新兴,2242,11212.0,58.2
广东,594710,云浮,2256,11203.0,102.6
广东,594730,鹤山,2246,11258.0,20.6
广东,594750,开平,2224,11239.0,28.5
广东,594760,新会,2232,11302.0,37.1
广东,594770,恩平,2216,11214.0,68.5
广东,594780,台山,2215,11247.0,33.7
广东,594800,顺德,2251,11315.0,22.4
广东,594810,番禺,2256,11319.0,13.2
广东,594850,中山,2230,11324.0,34.5
广东,594870,斗门,2214,11318.0,24.3
广东,594880,珠海,2217,11334.0,52.3
广东,594920,惠东,2258,11444.0,48.2
广东,594930,深圳,2232,11400.0,63.9
广东,595000,海丰,2258,11519.0,7.3
广东,595010,汕尾,2248,11522.0,17.7
广东,595020,陆丰,2257,11539.0,6.4
广东,596500,遂溪,2124,11015.0,32.3
广东,596530,高州,2156,11051.0,32.0
广东,596540,廉江,2138,11018.0,30.0
广东,596550,化州,2139,11037.0,33.0
广东,596560,吴川,2124,11049.0,28.0
广东,596580,湛江,2109,11018.0,54.1
广东,596590,茂名,2145,11055.0,34.1
广东,596630,阳江,2150,11158.0,90.8
广东,596640,电白,2132,11059.0,32.4
广东,596730,上川岛,2144,11246.0,22.3
广东,597500,雷州,2058,11004.0,34.1
广东,597540,徐闻,2020,11011.0,56.7
广西,578590,资源,2602,11038.0,409.6
广西,579270,天峨,2458,10711.0,288.5
广西,579410,三江,2547,10936.0,198.4
广西,579420,龙胜,2548,11000.0,269.2
广西,579470,融安,2513,10924.0,122.5
广西,579480,融水,2505,10915.0,123.9
广西,579490,永福,2459,11000.0,158.0
广西,579540,临桂,2514,11011.0,158.8
广西,579550,兴安,2537,11040.0,225.2
广西,579560,灵川,2525,11019.0,169.1
广西,579570,桂林,2519,11018.0,165.6
广西,579600,全州,2556,11104.0,196.8
广西,579640,灌阳,2530,11109.0,264.3
广西,590010,隆林,2447,10520.0,673.4
广西,590040,西林,2430,10506.0,727.1
广西,590120,乐业,2447,10633.0,973.4
广西,590150,凌云,2421,10634.0,439.1
广西,590170,田林,2416,10616.0,279.4
广西,590210,凤山,2433,10702.0,510.6
广西,590230,河池,2442,10802.0,261.2
广西,590250,东兰,2432,10723.0,250.0
广西,590270,巴马,2408,10715.0,256.1
广西,590310,环江,2449,10816.0,343.5
广西,590340,宜州,2429,10840.0,151.9
广西,590370,都安,2356,10806.0,172.0
广西,590380,忻城,2404,10839.0,139.7
广西,590410,柳城,2439,10915.0,109.4
广西,590440,沙塘,2428,10923.0,98.7
广西,590450,鹿寨,2429,10945.0,95.9
广西,590460,柳州,2421,10924.0,97.8
广西,590470,柳江,2415,10920.0,102.1
广西,590520,恭城,2450,11049.0,170.8
广西,590530,平乐,2437,11040.0,107.0
广西,590550,荔浦,2430,11024.0,166.9
广西,590570,金秀,2408,11011.0,832.1
广西,590580,蒙山,2412,11031.0,183.1
广西,590590,昭平,2411,11048.0,107.0
广西,590650,贺州,2425,11130.0,149.9
广西,592090,那坡,2325,10550.0,795.1
广西,592110,百色,2354,10636.0,175.9
广西,592150,德保,2320,10638.0,681.2
广西,592180,靖西,2308,10625.0,741.1
广西,592240,田东,2336,10707.0,112.4
广西,592270,天等,2307,10708.0,455.4
广西,592280,平果,2319,10735.0,110.0
广西,592290,隆安,2310,10742.0,126.9
广西,592300,马山,2343,10810.0,169.2
广西,592350,上林,2326,10837.0,116.8
广西,592370,武鸣,2310,10817.0,112.8
广西,592380,宾阳,2313,10848.0,123.7
广西,592410,象州,2358,10941.0,91.7
广西,592420,来宾,2345,10914.0,86.1
广西,592460,武宣,2336,10940.0,71.2
广西,592550,平南,2333,11023.0,33.7
广西,592560,藤县,2322,11055.0,55.9
广西,592650,梧州,2329,11118.0,116.0
广西,592660,苍梧,2325,11114.0,43.7
广西,594190,凭祥,2206,10645.0,243.4
广西,594210,大新,2250,10712.0,256.3
广西,594290,上思,2211,10801.0,217.2
广西,594310,南宁,2238,10813.0,122.6
广西,594320,南宁城区,2248,10824.0,195.6
广西,594350,邕宁,2246,10829.0,75.9
广西,594410,横县,2242,10915.0,79.7
广西,594460,灵山,2225,10918.0,67.8
广西,594480,浦北,2216,10933.0,70.8
广西,594490,博白,2218,10959.0,87.1
广西,594510,北流,2242,11021.0,99.4
广西,594520,容县,2250,11032.0,132.7
广西,594540,岑溪,2257,11100.0,203.2
广西,594570,陆川,2219,11016.0,122.8
广西,596320,钦州,2157,10837.0,5.8
广西,596350,防城港,2137,10821.0,32.5
广西,596400,合浦,2140,10911.0,6.6
广西,596440,北海,2127,10908.0,14.0
贵州,565980,赫章,2708,10444.0,1538.1
贵州,566910,威宁,2652,10417.0,2238.6
贵州,567920,普安,2547,10458.0,1648.5
贵州,567930,盘县,2543,10428.0,1796.0
贵州,576060,桐梓,2808,10650.0,972.7
贵州,576230,道真,2853,10736.0,684.6
贵州,576250,正安,2833,10727.0,678.2
贵州,576340,务川,2831,10753.0,658.0
贵州,576360,沿河,2834,10830.0,335.4
贵州,576370,德江,2815,10806.0,630.5
贵州,576470,松桃,2809,10911.0,406.9
贵州,577070,毕节,2718,10517.0,1511.5
贵州,577080,大方,2709,10536.0,1701.2
贵州,577100,仁怀,2748,10624.0,891.0
贵州,577140,金沙,2728,10614.0,943.0
贵州,577170,遵义县,2732,10650.0,975.0
贵州,577180,息烽,2706,10643.0,1113.2
贵州,577190,开阳,2704,10658.0,1280.7
贵州,577220,湄潭,2746,10728.0,792.9
贵州,577230,凤冈,2759,10743.0,709.1
贵州,577280,瓮安,2704,10728.0,1097.9
贵州,577290,余庆,2714,10753.0,621.3
贵州,577310,思南,2757,10815.0,417.7
贵州,577320,印江,2801,10824.0,458.0
贵州,577340,石阡,2734,10814.0,468.5
贵州,577350,岑巩,2711,10849.0,405.3
贵州,577360,江口,2742,10851.0,370.7
贵州,577370,施秉,2702,10807.0,548.3
贵州,577380,镇远,2703,10825.0,517.0
贵州,577390,玉屏,2714,10855.0,391.2
贵州,577410,铜仁,2743,10911.0,283.5
贵州,577420,万山,2731,10912.0,885.3
贵州,578000,纳雍,2646,10522.0,1458.6
贵州,578030,黔西,2702,10601.0,1234.5
贵州,578050,织金,2641,10546.0,1320.8
贵州,578060,安顺,2615,10554.0,1430.5
贵州,578070,六枝,2612,10528.0,1363.2
贵州,578080,普定,2619,10545.0,1275.7
贵州,578090,镇宁,2604,10545.0,1252.0
贵州,578110,修文,2650,10636.0,1296.7
贵州,578140,平坝,2625,10616.0,1299.2
贵州,578160,贵阳,2635,10644.0,1224.9
贵州,578210,福泉,2642,10730.0,926.5
贵州,578220,黄平,2654,10754.0,836.5
贵州,578240,贵定,2635,10714.0,1005.7
贵州,578250,凯里,2636,10759.0,721.2
贵州,578270,都匀,2619,10732.0,970.2
贵州,578280,麻江,2630,10735.0,983.9
贵州,578290,丹寨,2612,10748.0,964.2
贵州,578320,三穗,2658,10840.0,627.8
贵州,578340,台江,2641,10818.0,643.1
贵州,578350,剑河,2643,10826.0,528.4
贵州,578370,雷山,2624,10804.0,840.0
贵州,578390,黎平,2614,10909.0,569.4
贵州,578400,天柱,2654,10912.0,402.4
贵州,578440,锦屏,2641,10911.0,344.0
贵州,579000,晴隆,2550,10513.0,1553.6
贵州,579020,兴仁,2526,10511.0,1379.3
贵州,579030,关岭,2556,10536.0,1138.4
贵州,579050,贞丰,2524,10538.0,1063.8
贵州,579060,望谟,2511,10605.0,567.0
贵州,579070,兴义,2505,10454.0,1300.7
贵州,579080,安龙,2507,10529.0,1393.5
贵州,579090,册亨,2459,10549.0,584.8
贵州,579100,紫云,2546,10605.0,1198.8
贵州,579110,白云,2640,10639.0,1324.2
贵州,579120,惠水,2608,10638.0,992.1
贵州,579130,龙里,2627,10659.0,1094.7
贵州,579140,花溪,2625,10640.0,1149.8
贵州,579150,乌当,2638,10646.0,1104.9
贵州,579160,罗甸,2526,10646.0,440.1
贵州,579210,平塘,2550,10719.0,710.2
贵州,579220,独山,2550,10733.0,1015.5
贵州,579230,三都,2559,10752.0,418.5
贵州,579260,荔波,2525,10753.0,432.9
贵州,579320,榕江,2558,10832.0,288.8
贵州,579360,从江,2545,10855.0,259.1
海南,597570,琼山,2000,11022.0,10.7
海南,597580,海口,2000,11015.0,64.7
海南,598380,东方,1906,10837.0,8.8
海南,598420,临高,1954,10941.0,32.5
海南,598430,澄迈,1944,11000.0,36.3
海南,598450,儋州,1931,10935.0,170.2
海南,598470,昌江,1916,10903.0,101.1
海南,598480,白沙,1914,10926.0,219.3
海南,598490,琼中,1902,10950.0,253.0
海南,598510,定安,1940,11020.0,54.5
海南,598540,屯昌,1922,11006.0,119.1
海南,598550,琼海,1914,11028.0,25.2
海南,598560,文昌,1937,11045.0,26.7
海南,599410,五指山,1846,10931.0,327.2
海南,599450,保亭,1839,10942.0,65.0
海南,599510,万宁,1848,11020.0,41.1
河北,533920,康保,4151,11436.0,1423.5
河北,533970,尚义,4106,11359.0,1377.7
河北,533990,张北,4109,11442.0,1394.4
河北,534910,怀安,4040,11423.0,838.8
河北,534920,阳原,4006,11409.0,938.7
河北,534980,宣化,4034,11502.0,630.5
河北,534990,万全,4046,11444.0,756.2
河北,535930,蔚县,3950,11434.0,910.5
河北,535960,顺平,3851,11508.0,53.4
河北,535990,涞源,3922,11441.0,885.6
河北,536800,灵寿,3818,11423.0,110.1
河北,536820,曲阳,3838,11441.0,105.3
河北,536880,行唐,3825,11433.0,101.8
河北,536890,晋州,3801,11504.0,43.5
河北,536900,阜平,3851,11411.0,283.1
河北,536910,正定,3809,11434.0,72.1
河北,536920,唐县,3844,11459.0,67.6
河北,536930,井陉,3802,11408.0,256.6
河北,536940,平山,3816,11413.0,132.0
河北,536950,新乐,3821,11441.0,72.0
河北,536960,定州,3833,11501.0,42.3
河北,536970,藁城,3802,11450.0,54.6
河北,536990,无极,3811,11457.0,46.6
河北,537730,临漳,3620,11437.0,65.8
河北,537810,沙河,3652,11428.0,69.0
河北,537840,赵县,3745,11447.0,39.6
河北,537850,柏乡,3731,11440.0,36.2
河北,537890,栾城,3753,11438.0,54.0
河北,537900,高邑,3738,11436.0,45.7
河北,537910,元氏,3746,11431.0,67.5
河北,537920,临城,3727,11429.0,114.2
河北,537940,隆尧,3721,11445.0,34.3
河北,537950,赞皇,3739,11422.0,138.5
河北,537960,宁晋,3737,11453.0,31.8
河北,537970,内邱,3717,11431.0,75.1
河北,537980,邢台,3704,11430.0,78.5
河北,537990,巨鹿,3714,11459.0,27.1
河北,538830,任县,3708,11442.0,37.7
河北,538860,涉县,3634,11340.0,471.6
河北,538900,武安,3640,11406.0,281.3
河北,538910,南和,3701,11441.0,44.2
河北,538920,邯郸,3637,11428.0,67.7
河北,538930,曲周,3646,11457.0,40.8
河北,538940,峰峰,3624,11412.0,150.5
河北,538950,永年,3647,11430.0,61.8
河北,538960,魏县,3621,11457.0,51.3
河北,538970,磁县,3623,11423.0,70.9
河北,538990,广平,3629,11458.0,49.7
河北,539800,肥乡,3633,11448.0,51.3
河北,539960,成安,3627,11439.0,59.0
河北,543010,沽源,4140,11540.0,1413.1
河北,543040,崇礼,4057,11516.0,1241.1
河北,543080,丰宁,4112,11638.0,736.3
河北,543110,围场,4158,11746.0,893.8
河北,543180,隆化,4119,11744.0,562.8
河北,543190,平泉,4100,11840.0,503.3
河北,544010,张家口,4046,11455.0,774.1
河北,544040,赤城,4053,11550.0,868.7
河北,544050,怀来,4025,11530.0,572.1
河北,544080,涿鹿,4023,11513.0,530.7
河北,544200,滦平,4056,11720.0,530.1
河北,544230,承德,4058,11755.0,423.5
河北,544250,兴隆,4024,11728.0,634.4
河北,544290,遵化,4012,11757.0,56.1
河北,544300,承德县,4046,11809.0,270.3
河北,544320,宽城,4036,11829.0,305.8
河北,544340,迁西,4010,11820.0,132.8
河北,544360,青龙,4025,11857.0,255.4
河北,544370,滦南,3930,11837.0,19.3
河北,544380,卢龙,3953,11853.0,66.1
河北,544390,迁安,4001,11843.0,52.0
河北,544490,秦皇岛,3951,11931.0,3.5
河北,545020,涿州,3929,11602.0,30.4
河北,545030,容城,3904,11549.0,14.0
河北,545060,高碑店,3919,11557.0,25.7
河北,545070,易县,3920,11531.0,50.8
河北,545100,大厂,3955,11657.0,19.3
河北,545120,固安,3925,11617.0,22.6
河北,545150,廊坊,3930,11642.0,14.8
河北,545180,霸州,3910,11624.0,10.4
河北,545190,永清,3918,11629.0,13.4
河北,545200,三河,3958,11705.0,19.3
河北,545210,香河,3946,11659.0,14.2
河北,545220,玉田,3953,11744.0,15.6
河北,545310,滦县,3944,11843.0,44.1
河北,545320,丰润,3948,11805.0,32.8
河北,545330,丰南,3935,11806.0,10.1
河北,545340,唐山,3939,11806.0,24.5
河北,545350,曹妃甸,3917,11828.0,4.4
河北,545390,乐亭,3926,11853.0,9.7
河北,545400,昌黎,3944,11912.0,18.7
河北,545410,抚宁,3954,11914.0,25.4
河北,546010,徐水,3859,11539.0,14.3
河北,546020,保定,3844,11529.0,17.9
河北,546030,高阳,3843,11546.0,11.2
河北,546040,安国,3825,11520.0,30.8
河北,546050,安新,3856,11556.0,5.6
河北,546060,饶阳,3814,11544.0,20.2
河北,546070,望都,3843,11507.0,46.2
河北,546080,深州,3800,11533.0,27.3
河北,546090,安平,3814,11535.0,23.6
河北,546100,任丘,3844,11606.0,9.2
河北,546110,满城,3856,11519.0,45.9
河北,546120,文安,3851,11627.0,5.4
河北,546130,大城,3842,11637.0,8.0
河北,546140,河间,3825,11603.0,12.4
河北,546150,青县,3835,11651.0,9.3
河北,546160,沧州,3821,11651.0,9.1
河北,546170,献县,3811,11607.0,14.4
河北,546180,泊头,3805,11633.0,14.3
河北,546200,蠡县,3829,11534.0,19.7
河北,546210,深泽,3811,11511.0,39.3
河北,546240,黄骅,3824,11719.0,6.0
河北,546260,肃宁,3825,11549.0,15.1
河北,546270,盐山,3802,11714.0,9.4
河北,546280,海兴,3809,11729.0,7.6
河北,546310,广宗,3704,11509.0,33.6
河北,546320,平乡,3704,11502.0,35.2
河北,546330,新河,3731,11514.0,27.5
河北,546360,雄县,3901,11606.0,12.2
河北,546400,鸡泽,3655,11452.0,37.2
河北,546440,孟村,3803,11707.0,11.7
河北,547000,武强,3802,11556.0,17.4
河北,547010,辛集,3756,11512.0,36.9
河北,547020,衡水,3744,11542.0,21.9
河北,547030,武邑,3748,11553.0,22.5
河北,547040,冀州,3731,11534.0,26.0
河北,547050,南宫,3722,11523.0,28.6
河北,547060,清河,3705,11540.0,32.7
河北,547070,故城,3721,11559.0,28.6
河北,547080,枣强,3730,11544.0,24.7
河北,547100,阜城,3752,11610.0,19.8
河北,547110,景县,3742,11617.0,19.5
河北,547130,东光,3753,11632.0,15.6
河北,547170,吴桥,3738,11624.0,18.3
河北,547190,南皮,3802,11641.0,12.3
河北,548000,威县,3700,11515.0,34.5
河北,548010,临西,3651,11529.0,36.5
河北,548040,大名,3618,11508.0,46.0
河北,548090,馆陶,3633,11517.0,42.5
河北,548200,邱县,3649,11510.0,37.9
河南,538890,林州,3604,11349.0,308.6
河南,538980,安阳,3603,11408.0,195.7
河南,539720,沁阳,3503,11254.0,118.5
河南,539740,淇县,3537,11414.0,71.3
河南,539780,济源,3505,11238.0,140.9
河南,539790,博爱,3509,11305.0,121.1
河南,539820,焦作,3514,11316.0,113.5
河南,539830,封丘,3502,11425.0,70.8
河南,539840,修武,3514,11328.0,83.7
河南,539850,辉县,3530,11349.0,142.2
河南,539860,新乡,3519,11353.0,74.2
河南,539870,武陟,3506,11321.0,95.5
河南,539890,原阳,3505,11359.0,76.9
河南,539880,获嘉,3516,11340.0,78.8
河南,539910,汤阴,3555,11420.0,93.9
河南,539920,浚县,3539,11431.0,59.2
河南,539930,内黄,3556,11455.0,52.4
河南,539940,卫辉,3523,11404.0,71.2
河南,539950,滑县,3533,11430.0,64.5
河南,539970,延津,3509,11411.0,72.3
河南,539980,长垣,3512,11439.0,62.5
河南,548170,台前,3559,11552.0,43.1
河南,549000,濮阳,3542,11501.0,54.7
河南,549010,南乐,3605,11510.0,48.5
河南,549020,清丰,3554,11507.0,50.5
河南,549030,范县,3551,11529.0,50.6
河南,570510,三门峡,3448,11112.0,410.9
河南,570560,灵宝,3432,11051.0,485.5
河南,570630,渑池,3446,11146.0,523.6
河南,570660,洛宁,3424,11140.0,408.7
河南,570700,新安,3444,11207.0,359.5
河南,570710,孟津,3449,11226.0,333.2
河南,570720,孟州,3455,11245.0,128.5
河南,570740,伊川,3425,11224.0,246.9
河南,570750,汝州,3410,11252.0,204.3
河南,570760,偃师,3444,11247.0,190.1
河南,570780,汝阳,3409,11228.0,334.0
河南,570790,温县,3457,11302.0,106.9
河南,570800,巩义,3444,11258.0,166.1
河南,570810,荥阳,3448,11326.0,141.9
河南,570820,登封,3428,11301.0,428.4
河南,570830,郑州,3443,11339.0,111.6
河南,570840,嵩山,3430,11303.0,1179.0
河南,570850,新密,3432,11320.0,264.8
河南,570860,新郑,3423,11343.0,116.8
河南,570870,长葛,3416,11344.0,105.0
河南,570880,禹州,3409,11330.0,117.7
河南,570890,许昌,3404,11356.0,68.2
河南,570900,中牟,3443,11358.0,80.2
河南,570910,开封,3447,11418.0,74.8
河南,570930,兰考,3451,11449.0,74.0
河南,570940,尉氏,3424,11413.0,68.5
河南,570950,鄢陵,3407,11409.0,62.2
河南,570960,杞县,3432,11447.0,60.7
河南,570980,扶沟,3405,11424.0,59.3
河南,570990,太康,3404,11451.0,53.6
河南,571560,西峡,3318,11130.0,251.3
河南,571620,嵩县,3408,11204.0,439.7
河南,571690,内乡,3303,11152.0,160.0
河南,571730,鲁山,3345,11253.0,146.8
河南,571750,镇平,3303,11214.0,192.2
河南,571760,南召,3329,11225.0,230.4
河南,571770,舞钢,3320,11332.0,91.3
河南,571780,南阳,3306,11229.0,181.6
河南,571790,方城,3317,11300.0,161.6
河南,571800,郏县,3359,11312.0,118.6
河南,571810,宝丰,3353,11303.0,137.4
河南,571820,襄城,3351,11331.0,81.4
河南,571830,临颍,3348,11355.0,65.2
河南,571840,叶县,3338,11318.0,98.5
河南,571850,舞阳,3327,11335.0,92.1
河南,571860,漯河,3336,11403.0,59.8
河南,571870,社旗,3304,11256.0,119.3
河南,571880,西平,3322,11402.0,56.8
河南,571890,遂平,3308,11357.0,65.5
河南,571900,泛区农试,3345,11424.0,51.6
河南,571910,通许,3429,11429.0,64.2
河南,571920,淮阳,3344,11451.0,46.6
河南,571930,西华,3347,11431.0,53.6
河南,571940,上蔡,3317,11416.0,60.9
河南,571950,川汇区,3337,11437.0,47.6
河南,571960,项城,3328,11452.0,42.8
河南,571970,汝南,3258,11421.0,51.1
河南,571980,商水,3330,11434.0,45.6
河南,572610,淅川,3307,11131.0,234.5
河南,572710,新野,3231,11223.0,88.7
河南,572730,唐河,3241,11251.0,110.5
河南,572740,邓州,3242,11207.0,108.8
河南,572810,泌阳,3242,11318.0,143.1
河南,572850,桐柏,3223,11325.0,154.0
河南,572900,驻马店,3256,11355.0,107.2
河南,572920,平舆,3258,11438.0,45.3
河南,572930,新蔡,3244,11459.0,39.1
河南,572940,确山,3250,11401.0,84.6
河南,572950,正阳,3237,11421.0,80.2
河南,572960,息县,3221,11444.0,50.1
河南,572970,信阳,3208,11403.0,115.4
河南,572980,罗山,3213,11433.0,56.2
河南,572990,光山,3201,11454.0,50.6
河南,573900,鸡公山,3148,11404.0,734.7
河南,573960,新县,3138,11451.0,129.7
河南,580010,睢县,3426,11506.0,56.9
河南,580040,民权,3439,11509.0,61.6
河南,580050,商丘,3427,11540.0,51.1
河南,580060,虞城,3423,11553.0,50.6
河南,580070,柘城,3404,11518.0,53.2
河南,580080,宁陵,3428,11520.0,59.2
河南,580170,夏邑,3415,11608.0,42.0
河南,581000,郸城,3339,11510.0,42.4
河南,581010,鹿邑,3352,11529.0,42.8
河南,581040,沈丘,3324,11504.0,42.5
河南,581110,永城,3358,11627.0,33.5
河南,582050,淮滨,3228,11526.0,36.0
河南,582070,潢川,3210,11503.0,44.0
河南,582080,固始,3210,11537.0,43.9
河南,583010,商城,3149,11523.0,92.9
黑龙江,501360,漠河,5258,12231.0,439.7
黑龙江,501370,北极村,5328,12222.0,297.3
黑龙江,502460,塔河,5221,12443.0,363.0
黑龙江,502470,呼中,5202,12334.0,514.9
黑龙江,503490,新林,5140,12424.0,502.2
黑龙江,503530,呼玛,5144,12638.0,175.6
黑龙江,504420,加格达奇,5024,12407.0,373.4
黑龙江,504680,爱辉,5015,12727.0,167.4
黑龙江,505570,嫩江,4910,12514.0,243.0
黑龙江,505640,孙吴,4926,12721.0,236.0
黑龙江,505660,逊克,4933,12828.0,120.0
黑龙江,506460,讷河,4829,12451.0,204.4
黑龙江,506550,五大连池,4830,12611.0,267.7
黑龙江,506560,北安,4815,12630.0,276.9
黑龙江,506580,克山,4803,12553.0,239.8
黑龙江,506590,克东,4802,12615.0,293.1
黑龙江,506730,嘉荫,4853,13024.0,92.3
黑龙江,506740,乌伊岭,4834,12926.0,404.9
黑龙江,507390,龙江,4720,12311.0,191.6
黑龙江,507410,甘南,4756,12330.0,186.3
黑龙江,507420,富裕,4748,12429.0,163.8
黑龙江,507450,齐齐哈尔,4723,12355.0,148.5
黑龙江,507490,林甸,4711,12450.0,159.9
黑龙江,507500,依安,4754,12518.0,228.8
黑龙江,507550,拜泉,4736,12606.0,232.4
黑龙江,507560,海伦,4727,12658.0,240.4
黑龙江,507580,明水,4711,12554.0,248.3
黑龙江,507670,绥棱,4714,12706.0,204.0
黑龙江,507720,五营,4806,12914.0,299.1
黑龙江,507740,伊春,4742,12850.0,259.1
黑龙江,507750,鹤岗,4720,13012.0,183.3
黑龙江,507760,萝北,4734,13050.0,84.8
黑龙江,507780,同江,4740,13232.0,59.1
黑龙江,507790,抚远,4822,13417.0,41.2
黑龙江,507870,绥滨,4719,13150.0,63.7
黑龙江,507880,富锦,4714,13159.0,68.4
黑龙江,508420,杜蒙,4650,12425.0,148.9
黑龙江,508440,泰来,4624,12327.0,139.7
黑龙江,508500,大庆,4634,12508.0,148.4
黑龙江,508510,青冈,4641,12605.0,209.2
黑龙江,508520,望奎,4650,12627.0,170.4
黑龙江,508530,北林,4637,12658.0,181.2
黑龙江,508540,安达,4623,12519.0,150.4
黑龙江,508580,肇东,4604,12556.0,136.0
黑龙江,508590,兰西,4617,12617.0,169.9
黑龙江,508610,庆安,4653,12729.0,183.2
黑龙江,508620,铁力,4659,12759.0,207.0
黑龙江,508670,巴彦,4605,12721.0,134.8
黑龙江,508710,汤原,4644,12953.0,96.4
黑龙江,508730,佳木斯,4647,13018.0,83.1
黑龙江,508770,依兰,4618,12935.0,101.6
黑龙江,508780,桦川,4700,13043.0,80.2
黑龙江,508790,桦南,4613,13033.0,190.7
黑龙江,508800,集贤,4644,13107.0,104.7
黑龙江,508840,双鸭山,4638,13109.0,178.0
黑龙江,508880,宝清,4619,13211.0,83.5
黑龙江,508920,饶河,4648,13400.0,57.2
黑龙江,509500,肇州,4542,12515.0,150.2
黑龙江,509530,哈尔滨,4556,12634.0,117.7
黑龙江,509540,肇源,4530,12505.0,129.2
黑龙江,509560,呼兰,4605,12646.0,135.3
黑龙江,509580,阿城,4532,12656.0,166.6
黑龙江,509600,宾县,4544,12723.0,184.1
黑龙江,509620,木兰,4557,12802.0,113.5
黑龙江,509630,通河,4558,12844.0,110.0
黑龙江,509640,方正,4550,12848.0,123.2
黑龙江,509650,延寿,4526,12816.0,167.8
黑龙江,509680,尚志,4513,12758.0,191.0
黑龙江,509710,七台河,4546,13101.0,226.7
黑龙江,509730,勃利,4545,13036.0,242.8
黑龙江,509780,鸡西,4518,13055.0,273.5
黑龙江,509790,林口,4516,13014.0,276.9
黑龙江,509830,虎林,4546,13258.0,104.8
黑龙江,509850,密山,4533,13152.0,155.5
黑龙江,509870,鸡东,4516,13106.0,224.6
黑龙江,540800,五常,4454,12709.0,196.5
黑龙江,540920,海林,4436,12924.0,294.8
黑龙江,540930,穆棱,4456,13033.0,271.7
黑龙江,540940,牡丹江,4430,12940.0,306.5
黑龙江,540960,绥芬河,4423,13110.0,569.8
黑龙江,540980,宁安,4420,12928.0,272.4
黑龙江,540990,东宁,4405,13108.0,151.3
湖北,572490,竹溪,3219,10941.0,453.7
湖北,572510,郧西,3300,11025.0,249.9
湖北,572530,郧县,3251,11049.0,204.0
湖北,572560,十堰,3239,11047.0,283.5
湖北,572570,竹山,3214,11014.0,309.3
湖北,572590,房县,3203,11045.0,426.4
湖北,572600,丹江口,3234,11131.0,140.6
湖北,572650,老河口,3226,11144.0,128.8
湖北,572680,谷城,3216,11137.0,115.5
湖北,572780,襄阳,3200,11205.0,158.9
湖北,572790,枣阳,3209,11245.0,127.0
湖北,573550,巴东,3102,11022.0,335.0
湖北,573590,兴山,3121,11044.0,333.4
湖北,573610,保康,3153,11116.0,331.0
湖北,573620,神农架,3145,11040.0,936.2
湖北,573630,南漳,3148,11150.0,146.0
湖北,573700,宜城,3144,11213.0,68.3
湖北,573770,荆门,3100,11213.0,184.8
湖北,573780,钟祥,3110,11234.0,66.5
湖北,573810,随州,3137,11320.0,113.5
湖北,573860,孝昌,3115,11400.0,47.1
湖北,573870,京山,3100,11308.0,80.3
湖北,573880,安陆,3116,11342.0,54.3
湖北,573890,云梦,3102,11345.0,33.5
湖北,573950,大悟,3134,11407.0,71.8
湖北,573980,红安,3117,11437.0,75.3
湖北,573990,麻城,3108,11457.0,75.2
湖北,574390,利川,3017,10856.0,1075.8
湖北,574450,建始,3036,10943.0,605.4
湖北,574470,恩施,3017,10928.0,458.0
湖北,574530,夷陵区,3046,11119.0,116.4
湖北,574580,五峰,3012,11040.0,620.7
湖北,574610,宜昌,3044,11122.0,257.5
湖北,574640,长阳,3028,11111.0,143.8
湖北,574650,宜都,3023,11127.0,76.3
湖北,574690,松滋,3011,11146.0,68.7
湖北,574750,潜江,3024,11254.0,39.2
湖北,574760,荆州,3021,11209.0,33.4
湖北,574770,公安,3004,11213.0,46.8
湖北,574810,应城,3057,11334.0,34.7
湖北,574820,孝感,3054,11357.0,26.3
湖北,574830,天门,3040,11308.0,32.2
湖北,574840,沙洋,3044,11233.0,58.3
湖北,574850,仙桃,3018,11329.0,24.9
湖北,574860,汉川,3039,11351.0,26.0
湖北,574890,蔡甸,3035,11400.0,39.4
湖北,574920,新洲,3050,11450.0,41.6
湖北,574940,武汉,3036,11403.0,24.4
湖北,574950,团风,3040,11453.0,28.8
湖北,574960,鄂州,3022,11452.0,30.7
湖北,574980,黄冈,3026,11454.0,22.1
湖北,574990,大冶,3004,11453.0,37.3
湖北,575400,咸丰,2941,10909.0,771.8
湖北,575410,宣恩,3000,10929.0,535.6
湖北,575430,鹤峰,2954,11002.0,538.7
湖北,575450,来凤,2932,10925.0,499.8
湖北,575710,石首,2942,11224.0,40.7
湖北,575730,监利,2950,11254.0,35.1
湖北,575810,洪湖,2949,11327.0,34.9
湖北,575820,赤壁,2943,11353.0,41.9
湖北,575830,嘉鱼,2955,11358.0,52.7
湖北,575860,崇阳,2932,11402.0,80.5
湖北,575890,通城,2916,11353.0,147.2
湖北,575900,咸宁,2951,11422.0,97.8
湖北,575960,金沙,2938,11412.0,752.3
湖北,584010,罗田,3045,11524.0,122.2
湖北,584020,英山,3044,11540.0,128.6
湖北,584040,浠水,3028,11513.0,56.8
湖北,584080,蕲春,3014,11526.0,36.3
湖北,584090,黄梅,3006,11556.0,27.6
湖北,585000,阳新,2951,11512.0,47.0
湖北,585010,武穴,2955,11538.0,25.8
湖南,575440,龙山,2928,10927.0,487.1
湖南,575540,桑植,2924,11010.0,320.9
湖南,575580,张家界,2908,11028.0,184.5
湖南,575620,石门,2935,11122.0,118.1
湖南,575640,慈利,2926,11108.0,104.0
湖南,575650,澧县,2940,11144.0,39.2
湖南,575660,临澧,2927,11139.0,52.5
湖南,575740,南县,2922,11224.0,37.1
湖南,575750,华容,2931,11234.0,32.1
湖南,575770,安乡,2924,11210.0,37.9
湖南,575840,岳阳,2923,11305.0,49.7
湖南,575850,临湘,2929,11327.0,60.2
湖南,576400,花垣,2835,10927.0,344.3
湖南,576420,保靖,2842,10938.0,326.8
湖南,576430,永顺,2900,10950.0,272.6
湖南,576460,古丈,2837,10957.0,302.1
湖南,576490,吉首,2814,10941.0,255.6
湖南,576550,沅陵,2828,11024.0,151.4
湖南,576570,泸溪,2813,11012.0,182.9
湖南,576580,辰溪,2801,11012.0,153.8
湖南,576610,桃源,2855,11129.0,49.8
湖南,576620,常德,2907,11141.0,151.4
湖南,576630,汉寿,2855,11157.0,31.5
湖南,576660,桃江,2831,11208.0,49.1
湖南,576690,安化,2823,11113.0,129.4
湖南,576710,沅江,2851,11222.0,35.5
湖南,576730,湘阴,2841,11253.0,54.6
湖南,576740,赫山,2834,11223.0,47.3
湖南,576780,宁乡,2815,11233.0,71.6
湖南,576790,马坡岭,2807,11247.0,116.0
湖南,576800,汨罗,2848,11304.0,47.9
湖南,576820,平江,2843,11334.0,105.0
湖南,576870,长沙,2813,11255.0,69.2
湖南,576880,浏阳,2809,11338.0,100.3
湖南,577400,凤凰,2757,10936.0,349.7
湖南,577430,麻阳,2753,10948.0,177.6
湖南,577440,新晃,2722,10910.0,356.1
湖南,577450,芷江,2727,10941.0,273.2
湖南,577520,溆浦,2755,11036.0,203.9
湖南,577540,洪江,2721,11009.0,170.7
湖南,577600,冷水江,2742,11126.0,250.4
湖南,577610,新化,2745,11118.0,213.4
湖南,577620,涟源,2741,11142.0,166.2
湖南,577630,娄底,2741,11200.0,201.2
湖南,577710,韶山,2756,11232.0,90.0
湖南,577720,湘乡,2745,11230.0,88.1
湖南,577730,湘潭,2752,11249.0,65.0
湖南,577740,双峰,2727,11210.0,98.4
湖南,577760,南岳,2718,11242.0,1265.1
湖南,577770,衡山,2714,11252.0,65.5
湖南,577780,衡东,2706,11257.0,71.7
湖南,577790,攸县,2700,11321.0,100.6
湖南,577800,株洲,2752,11310.0,75.8
湖南,577810,醴陵,2739,11330.0,75.6
湖南,578450,通道,2610,10947.0,397.4
湖南,578650,冷水滩,2628,11135.0,167.1
湖南,578660,永州,2614,11137.0,172.1
湖南,578670,东安,2624,11117.0,169.8
湖南,578680,祁阳,2636,11152.0,114.3
湖南,578700,祁东,2648,11206.0,151.6
湖南,578710,衡阳县,2659,11222.0,91.0
湖南,578720,衡阳,2654,11236.0,104.8
湖南,578740,常宁,2625,11224.0,117.8
湖南,578750,衡南,2645,11241.0,131.0
湖南,578760,耒阳,2626,11250.0,136.2
湖南,578810,安仁,2643,11315.0,103.0
湖南,578820,茶陵,2647,11333.0,137.4
湖南,578860,炎陵,2629,11348.0,265.8
湖南,578870,永兴,2607,11307.0,168.8
湖南,578890,桂东,2605,11357.0,837.1
湖南,579620,双牌,2558,11139.0,169.0
湖南,579650,道县,2532,11136.0,191.0
湖南,579660,宁远,2536,11158.0,241.5
湖南,579690,江永,2516,11120.0,230.6
湖南,579710,新田,2555,11212.0,225.1
湖南,579720,郴州,2548,11302.0,187.1
湖南,579730,桂阳,2545,11243.0,330.3
湖南,579740,嘉禾,2535,11222.0,212.6
湖南,579750,蓝山,2523,11212.0,277.8
湖南,579760,宜章,2525,11257.0,226.4
湖南,579780,临武,2517,11233.0,293.2
湖南,579810,资兴,2559,11313.0,140.5
湖南,579850,汝城,2534,11341.0,611.0
湖南,590630,江华,2511,11127.0,262.8
吉林,509360,白城,4538,12250.0,156.2
吉林,509390,洮南,4520,12249.0,154.9
吉林,509400,镇赉,4551,12310.0,142.0
吉林,509450,大安,4530,12416.0,138.7
吉林,509460,松原,4511,12450.0,140.7
吉林,509480,乾安,4500,12401.0,148.0
吉林,509490,前郭,4505,12452.0,137.4
吉林,540410,通榆,4448,12304.0,155.4
吉林,540490,长岭,4415,12358.0,190.4
吉林,540630,扶余,4458,12600.0,197.7
吉林,540640,农安,4423,12509.0,175.4
吉林,540650,德惠,4432,12539.0,173.4
吉林,540690,九台,4410,12548.0,175.6
吉林,540720,榆树,4451,12631.0,203.3
吉林,540760,舒兰,4423,12656.0,269.3
吉林,541420,双辽,4330,12332.0,116.6
吉林,541540,梨树,4321,12418.0,160.6
吉林,541550,孤家子,4340,12414.0,145.0
吉林,541570,四平,4310,12420.0,167.2
吉林,541610,长春,4354,12513.0,237.5
吉林,541640,伊通,4321,12517.0,249.6
吉林,541650,双阳,4333,12538.0,223.9
吉林,541690,烟筒山,4318,12601.0,270.3
吉林,541710,永吉,4342,12631.0,232.4
吉林,541720,吉林城郊,4352,12632.0,291.7
吉林,541810,蛟河,4342,12720.0,294.5
吉林,541860,敦化,4322,12812.0,526.0
吉林,541870,安图,4307,12855.0,369.0
吉林,541920,罗子沟,4342,13016.0,386.0
吉林,541950,汪清,4318,12947.0,244.9
吉林,542600,辽源,4255,12505.0,254.4
吉林,542610,东丰,4240,12528.0,345.8
吉林,542630,磐石,4258,12603.0,339.5
吉林,542660,梅河口,4232,12538.0,341.5
吉林,542670,柳河,4215,12544.0,363.2
吉林,542730,桦甸,4259,12645.0,264.8
吉林,542740,辉南,4241,12559.0,308.3
吉林,542760,靖宇,4224,12648.0,569.6
吉林,542790,江源,4203,12635.0,545.4
吉林,542840,东岗,4209,12730.0,775.4
吉林,542850,二道,4225,12807.0,722.4
吉林,542860,和龙,4232,12900.0,478.8
吉林,542900,龙井,4246,12924.0,248.1
吉林,542910,珲春,4254,13017.0,37.8
吉林,542920,延吉,4252,12930.0,258.5
吉林,542930,图们,4257,12950.0,141.3
吉林,543620,通化县,4140,12544.0,388.8
吉林,543630,通化,4141,12554.0,404.3
吉林,543710,白山,4156,12626.0,521.6
吉林,543740,临江,4148,12653.0,378.9
吉林,543770,集安,4109,12613.0,225.5
吉林,543860,长白,4125,12811.0,777.8
江苏,580120,丰县,3441,11635.0,43.6
江苏,580130,沛县,3445,11654.0,36.8
江苏,580260,邳州,3424,11801.0,26.5
江苏,580270,徐州,3417,11709.0,42.0
江苏,580350,新沂,3420,11821.0,31.3
江苏,580360,东海,3433,11843.0,34.1
江苏,580380,沭阳,3405,11847.0,7.8
江苏,580400,赣榆,3451,11908.0,10.8
江苏,580410,西连岛,3447,11926.0,22.0
江苏,580440,连云港,3432,11914.0,4.7
江苏,580450,响水,3412,11936.0,8.4
江苏,580470,灌云,3415,11914.0,5.3
江苏,580480,灌南,3407,11921.0,9.1
江苏,580490,滨海,3401,11948.0,4.4
江苏,581300,睢宁,3356,11757.0,24.5
江苏,581310,宿豫,3358,11813.0,26.0
江苏,581320,泗阳,3343,11841.0,19.1
江苏,581350,泗洪,3329,11813.0,19.5
江苏,581380,盱眙,3259,11831.0,42.8
江苏,581390,洪泽,3318,11855.0,12.0
江苏,581400,涟水,3346,11918.0,13.4
江苏,581410,淮安,3338,11856.0,13.7
江苏,581430,阜宁,3348,11951.0,6.1
江苏,581450,楚州,3330,11909.0,8.4
江苏,581460,建湖,3328,11946.0,11.8
江苏,581470,金湖,3259,11858.0,28.6
江苏,581480,宝应,3314,11918.0,11.5
江苏,581500,射阳,3345,12018.0,3.0
江苏,581540,盐城,3326,12012.0,6.8
江苏,581580,大丰,3312,12029.0,7.1
江苏,582350,六合,3222,11851.0,12.3
江苏,582370,浦口,3204,11835.0,44.8
江苏,582380,南京,3156,11854.0,36.4
江苏,582410,高邮,3248,11927.0,9.6
江苏,582420,仪征,3218,11910.0,23.5
江苏,582430,兴化,3257,11949.0,4.5
江苏,582440,江都,3227,11935.0,14.4
江苏,582450,扬州,3225,11925.0,14.7
江苏,582460,泰州,3233,12000.0,3.4
江苏,582470,扬中,3216,11948.0,6.3
江苏,582490,泰兴,3210,12000.0,8.5
江苏,582500,姜堰,3231,12009.0,10.5
江苏,582510,东台,3251,12017.0,4.1
江苏,582520,丹徒,3211,11928.0,32.3
江苏,582540,海安,3231,12027.0,10.2
江苏,582550,如皋,3222,12034.0,7.1
江苏,582570,靖江,3159,12015.0,12.6
江苏,582590,南通,3205,12059.0,4.6
江苏,582640,如东,3220,12111.0,11.1
江苏,582650,吕泗,3204,12136.0,6.5
江苏,582680,通州,3206,12105.0,9.8
江苏,582690,启东,3147,12139.0,12.5
江苏,583390,高淳,3120,11854.0,20.9
江苏,583400,溧水,3139,11902.0,27.0
江苏,583410,丹阳,3159,11936.0,10.2
江苏,583420,金坛,3143,11933.0,7.7
江苏,583440,句容,3158,11912.0,35.0
江苏,583450,溧阳,3126,11929.0,8.1
江苏,583460,宜兴,3120,11949.0,15.8
江苏,583490,苏州,3125,12034.0,8.9
江苏,583510,江阴,3154,12018.0,12.2
江苏,583520,常熟,3139,12046.0,13.5
江苏,583530,张家港,3152,12034.0,10.9
江苏,583540,无锡,3137,12021.0,4.1
江苏,583560,昆山,3124,12100.0,7.5
江苏,583580,东山,3104,12026.0,21.0
江苏,583590,吴江,3108,12037.0,8.5
江苏,583600,海门,3155,12112.0,6.5
江苏,583770,太仓,3131,12106.0,6.7
江西,575980,修水,2902,11435.0,144.4
江西,576940,铜鼓,2832,11423.0,261.0
江西,576960,宜丰,2824,11447.0,92.9
江西,576980,万载,2807,11427.0,99.7
江西,576990,上高,2814,11455.0,67.8
江西,577860,萍乡,2738,11351.0,118.7
江西,577890,莲花,2708,11357.0,195.7
江西,577920,分宜,2749,11441.0,94.9
江西,577930,宜春,2748,11423.0,132.3
江西,577960,新余,2750,11453.0,190.3
江西,577980,安福,2724,11436.0,87.1
江西,577990,吉安县,2703,11455.0,73.7
江西,578830,夏坪,2645,11417.0,257.1
江西,578910,永新,2656,11415.0,154.0
江西,578940,井冈山,2635,11410.0,848.4
江西,578950,万安,2628,11447.0,102.8
江西,578960,遂川,2620,11430.0,127.3
江西,578990,泰和,2648,11455.0,72.6
江西,579900,崇义,2542,11418.0,248.1
江西,579910,上犹,2548,11433.0,141.9
江西,579920,南康,2540,11445.0,128.2
江西,579930,赣县,2552,11500.0,138.7
江西,579940,大余,2524,11421.0,216.8
江西,579950,信丰,2524,11456.0,165.4
江西,585020,九江,2944,11600.0,37.1
江西,585030,瑞昌,2942,11540.0,42.4
江西,585060,庐山,2935,11559.0,1165.4
江西,585070,武宁,2915,11507.0,117.1
江西,585080,德安,2920,11546.0,42.5
江西,585090,永修,2903,11549.0,37.8
江西,585100,湖口,2944,11614.0,41.3
江西,585120,彭泽,2954,11633.0,72.5
江西,585140,星子,2927,11603.0,38.3
江西,585170,都昌,2916,11612.0,36.7
江西,585190,波阳,2900,11641.0,45.3
江西,585270,景德镇,2918,11712.0,62.9
江西,585290,婺源,2916,11751.0,82.1
江西,586000,靖安,2852,11522.0,80.1
江西,586010,奉新,2842,11523.0,54.9
江西,586020,安义,2851,11533.0,39.8
江西,586050,高安,2825,11523.0,48.3
江西,586060,南昌,2836,11555.0,47.9
江西,586070,南昌县,2833,11557.0,32.9
江西,586080,樟树,2804,11533.0,35.4
江西,586090,丰城,2813,11549.0,28.2
江西,586120,余干,2842,11641.0,22.3
江西,586140,进贤,2823,11616.0,35.5
江西,586150,万年,2841,11705.0,57.2
江西,586160,余江,2812,11649.0,41.9
江西,586180,东乡,2816,11636.0,83.6
江西,586190,临川,2800,11622.0,50.2
江西,586200,乐平,2901,11706.0,52.4
江西,586220,德兴,2857,11735.0,89.7
江西,586230,上饶县,2828,11755.0,91.6
江西,586240,弋阳,2824,11726.0,71.0
江西,586250,横峰,2825,11736.0,80.2
江西,586260,贵溪,2819,11715.0,57.6
江西,586270,鹰潭,2815,11702.0,57.0
江西,586290,铅山,2817,11742.0,101.4
江西,586340,玉山,2841,11815.0,117.5
江西,586350,广丰,2826,11812.0,96.3
江西,586370,上饶,2827,11759.0,119.2
江西,586930,新建,2842,11550.0,41.2
江西,587010,新干,2746,11524.0,47.7
江西,587040,峡江,2737,11521.0,54.0
江西,587050,永丰,2720,11525.0,86.9
江西,587060,乐安,2726,11550.0,183.0
江西,587070,吉水,2713,11508.0,67.4
江西,587100,崇仁,2746,11603.0,79.8
江西,587120,金溪,2755,11647.0,131.0
江西,587130,资溪,2743,11704.0,225.8
江西,587140,宜黄,2733,11614.0,121.6
江西,587150,南城,2735,11639.0,82.0
江西,587180,南丰,2713,11632.0,112.5
江西,587190,黎川,2718,11656.0,132.1
江西,588040,兴国,2621,11521.0,152.2
江西,588060,宁都,2629,11601.0,210.3
江西,588130,广昌,2651,11620.0,141.5
江西,588140,石城,2621,11621.0,248.6
江西,589030,瑞金,2554,11602.0,209.2
江西,589050,于都,2558,11525.0,134.4
江西,589060,会昌,2536,11548.0,168.4
江西,589070,安远,2509,11524.0,306.2
江西,590910,全南,2445,11431.0,278.2
江西,590920,龙南,2455,11449.0,207.5
江西,590930,定南,2447,11502.0,254.2
江西,591020,寻乌,2457,11539.0,302.6
江西,585240,浮梁,2922,11713.0,87.3
江西,577940,芦溪,2738,11401.0,173.2
江西,577830,上栗,2753,11349.0,117.0
江西,585050,九江县,2937,11554.0,57.0
辽宁,542360,彰武,4223,12233.0,85.0
辽宁,542430,昌图,4247,12407.0,165.8
辽宁,542440,康平,4245,12320.0,120.1
辽宁,542450,法库,4230,12324.0,99.3
辽宁,542480,沈北新区,4202,12332.0,67.8
辽宁,542490,铁岭,4218,12352.0,79.4
辽宁,542520,西丰,4244,12445.0,198.7
辽宁,542540,开原,4232,12403.0,102.9
辽宁,542590,清原,4204,12452.0,230.0
辽宁,543210,建平镇,4152,11938.0,661.6
辽宁,543230,北票,4149,12047.0,253.5
辽宁,543240,朝阳,4133,12026.0,175.3
辽宁,543250,羊山,4111,12021.0,183.1
辽宁,543260,建平县,4125,11937.0,470.1
辽宁,543270,凌源,4114,11921.0,421.5
辽宁,543280,喀左,4105,11943.0,300.6
辽宁,543320,辽中,4131,12243.0,13.9
辽宁,543330,新民,4158,12251.0,32.1
辽宁,543360,台安,4125,12225.0,13.1
辽宁,543380,盘山,4117,12157.0,4.1
辽宁,543390,鞍山,4105,12300.0,78.5
辽宁,543400,苏家屯,4140,12319.0,47.6
辽宁,543420,沈阳,4144,12331.0,49.5
辽宁,543450,辽阳县,4112,12304.0,29.6
辽宁,543460,本溪,4119,12347.0,186.1
辽宁,543470,辽阳,4114,12310.0,25.7
辽宁,543480,灯塔,4125,12320.0,36.5
辽宁,543510,抚顺,4155,12405.0,116.5
辽宁,543530,新宾,4144,12503.0,331.7
辽宁,544520,建昌,4048,11949.0,367.8
辽宁,544530,连山区,4047,12053.0,43.0
辽宁,544540,绥中,4020,12018.0,29.0
辽宁,544550,兴城,4037,12039.0,21.5
辽宁,544700,大洼,4101,12204.0,6.1
辽宁,544710,营口,4039,12210.0,4.6
辽宁,544740,盖州,4025,12221.0,27.6
辽宁,544750,大石桥,4037,12229.0,15.3
辽宁,544760,熊岳,4010,12209.0,37.9
辽宁,544830,草河口,4053,12354.0,239.8
辽宁,544860,岫岩,4017,12317.0,81.3
辽宁,544930,宽甸,4043,12447.0,261.1
辽宁,544940,凤城,4028,12404.0,74.4
辽宁,544970,丹东,4003,12420.0,13.1
辽宁,545630,瓦房店,3938,12201.0,119.0
辽宁,545680,金州,3904,12145.0,94.2
辽宁,545690,普兰店,3925,12157.0,12.7
辽宁,545750,皮口,3925,12222.0,43.1
辽宁,545790,长海,3916,12235.0,33.6
辽宁,545840,庄河,3943,12257.0,35.9
辽宁,545900,东港,3953,12410.0,5.3
辽宁,546620,大连,3854,12138.0,92.5
辽宁,545650,长兴岛,3936,12128.0,72.0
内蒙古,504250,额尔古纳市,5015,12011.0,582.3
内蒙古,504310,根河市,5047,12131.0,718.2
内蒙古,504340,图里河,5029,12141.0,733.7
内蒙古,504450,鄂伦春自治旗,5035,12344.0,424.7
内蒙古,505140,满洲里,4935,11719.0,662.7
内蒙古,505240,陈巴尔虎旗,4919,11926.0,578.5
内蒙古,505250,鄂温克族自治旗,4909,11945.0,621.6
内蒙古,505260,牙克石市,4917,12042.0,670.0
内蒙古,505270,海拉尔,4915,11942.0,650.4
内蒙古,505480,小二沟,4912,12343.0,287.2
内蒙古,506030,新巴尔虎右旗,4840,11649.0,556.0
内蒙古,506180,新巴尔虎左旗,4813,11816.0,644.6
内蒙古,506390,扎兰屯,4800,12244.0,308.5
内蒙古,506450,莫力达瓦达斡尔族自治旗,4829,12429.0,196.5
内蒙古,506470,阿荣旗,4808,12329.0,237.2
内蒙古,507270,阿尔山,4710,11956.0,997.7
内蒙古,508340,索伦,4636,12113.0,501.0
内蒙古,509130,乌拉盖,4543,11850.0,866.1
内蒙古,509150,东乌珠穆沁,4531,11658.0,838.9
内蒙古,509240,霍林郭勒,4532,11940.0,824.7
内蒙古,509280,巴雅尔吐胡硕,4504,12020.0,629.1
内蒙古,509340,突泉,4523,12135.0,312.7
内蒙古,509370,科尔沁右翼中,旗 4504,12129.0,283.1
内蒙古,530680,二连浩特,4338,11156.0,964.1
内蒙古,530830,那仁宝力格,4437,11409.0,1182.9
内蒙古,531490,满都拉气象站,4232,11008.0,1226.7
内蒙古,531920,阿巴嘎旗,4401,11457.0,1127.3
内蒙古,532310,海力素,4124,10624.0,1510.6
内蒙古,532890,镶黄旗,4214,11350.0,1322.8
内蒙古,533360,乌拉特中旗,4134,10831.0,1289.2
内蒙古,533370,五原,4106,10816.0,1025.4
内蒙古,533480,大佘太,4101,10908.0,1080.5
内蒙古,533520,达茂旗气象局,4142,11026.0,1376.2
内蒙古,533570,固阳县气象局,4102,11003.0,1362.1
内蒙古,533620,四子王,4132,11141.0,1491.4
内蒙古,533670,希拉穆仁,4119,11114.0,1603.7
内蒙古,533680,武川县,4105,11128.0,1640.2
内蒙古,533780,察右中旗,4117,11237.0,1737.9
内蒙古,533840,察右后旗,4127,11311.0,1424.9
内蒙古,533850,商都,4136,11332.0,1420.9
内蒙古,533910,化德,4154,11400.0,1484.6
内蒙古,534190,磴口,4020,10700.0,1060.4
内蒙古,534200,杭锦后旗,4051,10707.0,1024.9
内蒙古,534330,乌拉特前旗,4044,10839.0,1022.0
内蒙古,534460,包头市,4032,10953.0,1005.9
内蒙古,534550,土右旗气象局,4033,11032.0,1000.9
内蒙古,534570,达拉特旗,4024,11002.0,1012.2
内蒙古,534630,呼和浩特,4051,11134.0,1154.4
内蒙古,534640,土默特左旗,4043,11110.0,1047.5
内蒙古,534660,呼和浩特郊区站,4045,11142.0,1046.6
内蒙古,534670,托克托县,4016,11111.0,1017.5
内蒙古,534690,和林格尔县,4024,11149.0,1164.0
内蒙古,534720,卓资,4052,11234.0,1453.2
内蒙古,534750,凉城,4031,11228.0,1272.2
内蒙古,534800,集宁,4102,11304.0,1421.5
内蒙古,534810,察右前旗,4048,11313.0,1317.1
内蒙古,534830,兴和,4052,11350.0,1269.9
内蒙古,534840,丰镇,4027,11309.0,1192.9
内蒙古,535120,乌海,3948,10648.0,1105.8
内蒙古,535130,临河,4044,10722.0,1042.3
内蒙古,535220,伊克乌素,4003,10750.0,1181.4
内蒙古,535290,鄂托克旗,3905,10758.0,1381.7
内蒙古,535330,杭锦旗,3949,10843.0,1414.4
内蒙古,535430,东胜,3950,10959.0,1462.8
内蒙古,535450,伊金霍洛旗,3934,10943.0,1367.3
内蒙古,535530,准格尔旗,3952,11113.0,1222.9
内蒙古,535620,清水河县,3955,11140.0,1192.2
内蒙古,536440,乌审旗,3836,10850.0,1309.3
内蒙古,537300,鄂托克前旗,3811,10729.0,1335.0
内蒙古,537320,河南,3751,10843.0,1211.5
内蒙古,540120,西乌珠穆沁,4435,11736.0,1002.6
内蒙古,540240,富河,4427,11918.0,710.0
内蒙古,540260,扎鲁特,4434,12054.0,265.8
内蒙古,540270,巴林左旗,4359,11924.0,487.2
内蒙古,540310,高力板,4454,12149.0,201.1
内蒙古,540390,舍伯吐,4402,12201.0,182.7
内蒙古,540470,科左中旗,4408,12317.0,146.9
内蒙古,541020,锡林浩特,4357,11607.0,1003.8
内蒙古,541130,巴林右旗,4332,11839.0,622.5
内蒙古,541150,林西县,4338,11802.0,825.4
内蒙古,541170,克什克腾旗,4315,11732.0,1004.4
内蒙古,541220,阿鲁科尔沁旗,4353,12003.0,376.0
内蒙古,541320,青龙山,4224,12104.0,400.6
内蒙古,541340,开鲁,4336,12117.0,242.3
内蒙古,541350,通辽,4336,12216.0,180.1
内蒙古,542040,正镶白旗,4218,11500.0,1347.8
内蒙古,542050,正蓝旗,4214,11600.0,1316.6
内蒙古,542080,多伦县,4211,11628.0,1247.0
内蒙古,542130,翁牛特旗,4256,11901.0,635.7
内蒙古,542140,岗子,4235,11825.0,961.3
内蒙古,542180,赤峰,4218,11850.0,669.0
内蒙古,542230,奈曼,4251,12039.0,364.0
内蒙古,542250,敖汉旗,4218,11957.0,580.3
内蒙古,542260,宝国吐,4220,12042.0,402.0
内蒙古,542310,科左后旗,4258,12221.0,249.3
内蒙古,542340,库伦,4244,12145.0,298.9
内蒙古,543050,太仆寺旗,4153,11516.0,1470.0
内蒙古,543130,喀喇沁旗,4156,11842.0,734.8
内蒙古,543160,八里罕,4131,11845.0,680.7
内蒙古,543200,宁城县,4136,11918.0,545.3
宁夏,535170,石炭井,3916,10620.0,1466.4
宁夏,535180,石嘴山,3902,10621.0,1118.7
宁夏,535190,惠农,3913,10646.0,1093.1
宁夏,536030,沙湖,3850,10622.0,1096.0
宁夏,536100,贺兰,3834,10621.0,1107.0
宁夏,536110,平罗,3853,10633.0,1099.4
宁夏,536120,吴忠,3759,10611.0,1132.2
宁夏,536140,银川,3828,10612.0,1111.6
宁夏,536150,陶乐,3848,10642.0,1102.9
宁夏,536170,青铜峡,3802,10605.0,1119.2
宁夏,536180,永宁,3817,10615.0,1115.5
宁夏,536190,灵武,3807,10618.0,1117.3
宁夏,537040,中卫,3732,10511.0,1226.6
宁夏,537050,中宁,3729,10541.0,1184.4
宁夏,537070,兴仁,3656,10515.0,1699.0
宁夏,537230,盐池,3748,10723.0,1350.4
宁夏,537270,麻黄山,3710,10707.0,1713.5
宁夏,538060,海原,3634,10539.0,1854.8
宁夏,538100,同心,3658,10554.0,1340.7
宁夏,538170,固原,3600,10616.0,1754.2
宁夏,538810,韦州,3717,10629.0,1382.9
宁夏,539030,西吉,3558,10543.0,1917.9
宁夏,539100,六盘山,3540,10612.0,2839.1
宁夏,539140,隆德,3537,10607.0,2079.5
宁夏,539160,泾源,3530,10619.0,1949.1
青海,526020,冷湖,3845,9320.0,2770.8
青海,527070,小灶火,3648,9341.0,2767.8
青海,528180,格尔木,3625,9455.0,2808.4
青海,528250,诺木洪,3626,9626.0,2791.2
青海,528360,都兰,3618,9806.0,3189.8
青海,528540,青海湖151,3635,10029.0,3201.6
青海,528560,共和,3616,10037.0,2835.8
青海,528630,互助,3649,10157.0,2480.8
青海,528660,西宁,3644,10145.0,2296.0
青海,528680,贵德,3601,10122.0,2273.8
青海,528690,湟中,3630,10135.0,2668.3
青海,528750,平安,3630,10206.0,2125.8
青海,528760,民和,3620,10250.0,1814.7
青海,528770,化隆,3606,10215.0,2835.5
青海,529080,五道梁,3513,9305.0,4613.0
青海,529410,沙珠玉,3616,10016.0,2872.8
青海,529430,兴海,3535,9959.0,3324.0
青海,529550,贵南,3535,10044.0,3120.8
青海,529570,同德,3515,10036.0,3149.0
青海,529630,尖扎,3556,10201.0,2086.5
青海,529680,泽库,3502,10128.0,3663.6
青海,529720,循化,3551,10227.0,1921.8
青海,529740,同仁,3531,10201.0,2492.2
青海,560040,沱沱河,3413,9226.0,4533.9
青海,560160,治多,3351,9537.0,4179.9
青海,560180,杂多,3253,9517.0,4067.2
青海,560210,曲麻莱,3407,9548.0,4175.8
青海,560290,玉树,3300,9658.0,3717.7
青海,560330,玛多,3455,9813.0,4273.1
青海,560340,清水河,3348,9708.0,4416.2
青海,560430,玛沁,3429,10014.0,3719.8
青海,560450,甘德,3358,9954.0,4050.8
青海,560460,达日,3345,9939.0,3968.3
青海,560650,河南,3444,10136.0,3500.8
青海,560670,久治,3326,10129.0,3629.3
青海,561250,囊谦,3212,9628.0,3644.5
青海,561510,班玛,3256,10045.0,3530.8
山东,547090,武城,3713,11604.0,26.9
山东,547120,临邑,3712,11649.0,19.7
山东,547140,德州,3727,11620.0,24.8
山东,547150,陵县,3719,11634.0,22.8
山东,547160,宁津,3740,11648.0,17.5
山东,547220,无棣,3745,11738.0,8.0
山东,547230,阳信,3739,11734.0,11.2
山东,547240,商河,3719,11708.0,15.9
山东,547250,惠民,3730,11732.0,12.9
山东,547260,乐陵,3742,11711.0,12.7
山东,547270,章丘,3641,11733.0,123.0
山东,547280,庆云,3746,11723.0,9.6
山东,547290,高青,3710,11752.0,12.5
山东,547340,滨州,3721,11800.0,13.4
山东,547360,东营,3726,11840.0,9.2
山东,547440,垦利,3735,11833.0,9.8
山东,547490,莱州,3711,11957.0,48.9
山东,547510,长岛,3756,12044.0,43.0
山东,547520,蓬莱,3748,12046.0,61.8
山东,547530,龙口,3738,12020.0,5.7
山东,547550,招远,3720,12023.0,118.7
山东,547590,栖霞,3719,12051.0,190.1
山东,547640,福山,3729,12114.0,55.2
山东,547650,烟台,3729,12126.0,83.0
山东,547760,成山头,3724,12242.0,46.4
山东,547770,文登,3712,12204.0,119.2
山东,548020,临清,3649,11544.0,34.9
山东,548060,聊城,3625,11558.0,34.3
山东,548070,阳谷,3609,11546.0,42.5
山东,548080,莘县,3614,11538.0,39.1
山东,548120,齐河,3647,11645.0,23.9
山东,548140,茌平,3632,11615.0,30.9
山东,548150,东阿,3623,11616.0,32.6
山东,548160,长清,3631,11648.0,100.1
山东,548180,平阴,3615,11625.0,81.0
山东,548190,肥城,3611,11648.0,114.9
山东,548210,济阳,3700,11712.0,21.6
山东,548220,邹平,3652,11744.0,48.6
山东,548230,济南,3636,11700.0,171.2
山东,548240,淄川,3638,11757.0,95.3
山东,548250,博山,3631,11751.0,190.9
山东,548260,泰山,3615,11706.0,1536.5
山东,548270,泰安,3610,11709.0,129.8
山东,548280,莱芜,3614,11741.0,228.6
山东,548290,周村,3646,11752.0,86.7
山东,548300,淄博,3649,11756.0,35.3
山东,548310,青州,3639,11830.0,103.7
山东,548320,寿光,3653,11844.0,27.0
山东,548330,桓台,3658,11805.0,16.3
山东,548340,临淄,3652,11817.0,47.3
山东,548350,临朐,3630,11833.0,110.6
山东,548360,沂源,3611,11810.0,303.7
山东,548370,昌乐,3641,11850.0,80.0
山东,548410,昌邑,3652,11925.0,24.7
山东,548420,平度,3647,12000.0,63.3
山东,548430,潍坊,3645,11912.0,22.5
山东,548440,安丘,3625,11911.0,67.5
山东,548460,高密,3623,11944.0,52.7
山东,548480,诸城,3559,11925.0,81.8
山东,548490,胶州,3613,12002.0,83.9
山东,548510,莱西,3654,12034.0,77.8
山东,548520,莱阳,3658,12044.0,53.6
山东,548530,崂山,3610,12025.0,43.7
山东,548550,即墨,3623,12028.0,30.2
山东,548570,青岛,3604,12020.0,75.3
山东,548610,乳山,3656,12132.0,47.8
山东,548630,海阳,3647,12111.0,42.0
山东,548710,石岛,3656,12229.0,9.1
山东,549040,鄄城,3535,11531.0,51.5
山东,549050,郓城,3535,11556.0,47.4
山东,549060,菏泽,3515,11525.0,51.1
山东,549070,鱼台,3459,11639.0,35.4
山东,549080,东明,3516,11506.0,58.2
山东,549090,定陶,3505,11531.0,51.7
山东,549100,梁山,3549,11603.0,42.0
山东,549110,东平,3556,11624.0,44.2
山东,549120,汶上,3546,11630.0,42.9
山东,549130,宁阳,3545,11649.0,63.4
山东,549140,巨野,3525,11605.0,41.8
山东,549150,济宁,3526,11636.0,34.3
山东,549160,兖州,3534,11651.0,60.1
山东,549170,金乡,3506,11619.0,37.8
山东,549180,曲阜,3536,11658.0,63.4
山东,549190,邹城,3523,11659.0,89.7
山东,549200,泗水,3539,11717.0,111.5
山东,549210,嘉祥,3525,11620.0,39.6
山东,549220,新泰,3553,11747.0,225.2
山东,549230,蒙阴,3543,11756.0,203.4
山东,549250,平邑,3531,11738.0,168.4
山东,549270,滕州,3506,11712.0,76.1
山东,549290,费县,3516,11758.0,120.6
山东,549320,沂水,3546,11839.0,187.8
山东,549350,沂南,3532,11826.0,120.6
山东,549360,莒县,3534,11850.0,108.4
山东,549380,临沂,3503,11824.0,66.4
山东,549390,莒南,3510,11849.0,115.0
山东,549400,五莲,3545,11912.0,146.4
山东,549430,黄岛,3553,12000.0,11.9
山东,549450,日照,3526,11932.0,37.1
山东,580020,曹县,3451,11535.0,50.2
山东,580030,成武,3457,11553.0,46.6
山东,580110,单县,3448,11604.0,47.4
山东,580200,微山,3448,11708.0,36.2
山东,580210,薛城,3447,11717.0,81.7
山东,580220,峄城,3445,11734.0,49.5
山东,580240,枣庄,3452,11735.0,78.5
山东,580250,台儿庄,3434,11744.0,28.8
山东,580300,苍山,3453,11801.0,45.7
山东,580320,临沭,3456,11839.0,71.3
山西,534780,右玉,4000,11227.0,1346.7
山西,534860,阳高,4022,11346.0,1051.2
山西,534870,大同,4005,11325.0,1053.6
山西,534880,大同县,4002,11335.0,1035.4
山西,534900,天镇,4026,11403.0,1015.7
山西,535640,河曲,3923,11109.0,862.5
山西,535650,偏关,3926,11130.0,1050.8
山西,535730,左云,4000,11242.0,1337.7
山西,535740,平鲁,3931,11216.0,1408.6
山西,535750,神池,3906,11212.0,1526.2
山西,535760,山阴,3930,11249.0,1045.9
山西,535770,宁武,3900,11218.0,1438.7
山西,535780,朔州,3922,11226.0,1115.7
山西,535790,代县,3901,11254.0,860.6
山西,535820,浑源,3943,11340.0,1080.7
山西,535840,应县,3934,11310.0,1001.9
山西,535850,繁峙,3910,11316.0,935.2
山西,535880,五台山,3857,11331.0,2209.3
山西,535900,广灵,3945,11416.0,979.4
山西,535940,灵丘,3927,11411.0,939.7
山西,536590,临县,3758,11100.0,1164.1
山西,536600,保德,3901,11105.0,893.5
山西,536620,岢岚,3843,11135.0,1397.7
山西,536630,五寨,3855,11149.0,1402.0
山西,536640,兴县,3828,11108.0,1013.6
山西,536650,岚县,3817,11139.0,1186.0
山西,536660,静乐,3821,11156.0,1214.1
山西,536690,娄烦,3805,11148.0,1151.5
山西,536730,原平,3844,11243.0,829.6
山西,536740,忻府区,3824,11242.0,870.7
山西,536760,定襄,3830,11259.0,760.9
山西,536770,尖草坪,3756,11229.0,807.4
山西,536780,阳曲,3804,11239.0,902.1
山西,536790,小店区,3745,11233.0,777.2
山西,536810,五台县豆村,3850,11322.0,1097.7
山西,536850,盂县,3804,11325.0,953.8
山西,536870,平定,3747,11338.0,753.8
山西,537530,柳林,3726,11053.0,861.0
山西,537590,石楼,3659,11050.0,1110.7
山西,537600,方山,3753,11114.0,1213.3
山西,537630,古交,3755,11210.0,1008.0
山西,537640,离石,3730,11106.0,951.7
山西,537670,中阳,3720,11110.0,1212.2
山西,537680,孝义,3709,11145.0,774.3
山西,537690,汾阳,3715,11147.0,749.1
山西,537700,祁县,3721,11221.0,769.9
山西,537710,文水,3725,11203.0,751.3
山西,537720,太原,3737,11235.0,777.3
山西,537740,清徐,3735,11222.0,760.9
山西,537750,太谷,3725,11236.0,786.7
山西,537760,榆次,3741,11246.0,831.5
山西,537770,交城,3732,11209.0,760.2
山西,537780,平遥,3710,11213.0,780.9
山西,537800,寿阳,3754,11309.0,1067.6
山西,537820,阳泉,3756,11337.0,768.9
山西,537830,昔阳,3736,11342.0,880.3
山西,537860,左权,3705,11320.0,1154.0
山西,537870,榆社,3704,11259.0,1042.3
山西,537880,和顺,3720,11334.0,1267.0
山西,538520,永和,3646,11038.0,917.5
山西,538530,隰县,3642,11057.0,1053.6
山西,538560,大宁,3628,11045.0,766.8
山西,538590,吉县,3606,11040.0,852.3
山西,538600,交口,3659,11110.0,1407.2
山西,538610,襄汾,3553,11123.0,460.5
山西,538620,灵石,3651,11148.0,812.5
山西,538630,介休,3702,11155.0,745.4
山西,538640,蒲县,3624,11106.0,1031.1
山西,538650,汾西,3639,11133.0,1013.1
山西,538660,洪洞,3614,11140.0,464.1
山西,538680,临汾,3604,11130.0,450.4
山西,538690,霍州,3635,11142.0,551.2
山西,538710,武乡,3650,11251.0,965.8
山西,538720,沁县,3646,11241.0,961.6
山西,538730,长子,3606,11252.0,952.5
山西,538740,古县,3615,11154.0,650.0
山西,538750,沁源,3631,11221.0,1001.0
山西,538770,安泽,3610,11215.0,861.0
山西,538780,黎城,3631,11323.0,769.1
山西,538790,屯留,3619,11253.0,953.2
山西,538800,潞城,3620,11314.0,948.9
山西,538820,长治,3604,11302.0,1047.9
山西,538840,襄垣,3631,11302.0,878.8
山西,538850,壶关,3607,11312.0,1123.2
山西,538880,平顺,3612,11326.0,1088.6
山西,539530,乡宁,3558,11051.0,966.2
山西,539540,稷山,3537,11058.0,433.5
山西,539560,万荣,3524,11050.0,589.6
山西,539570,河津,3537,11043.0,460.0
山西,539580,临猗,3510,11047.0,436.7
山西,539590,盐湖,3503,11103.0,366.7
山西,539610,曲沃,3539,11129.0,473.4
山西,539620,翼城,3544,11142.0,585.3
山西,539630,侯马,3539,11122.0,435.1
山西,539640,新绛,3537,11113.0,431.8
山西,539650,绛县,3531,11134.0,761.9
山西,539660,浮山,3559,11150.0,818.1
山西,539670,闻喜,3520,11112.0,469.8
山西,539680,垣曲,3517,11140.0,505.9
山西,539700,沁水,3542,11212.0,887.1
山西,539730,高平,3546,11257.0,836.6
山西,539750,阳城,3529,11224.0,661.1
山西,539760,晋城,3530,11252.0,753.6
山西,539810,陵川,3547,11316.0,1313.2
山西,570520,永济,3453,11027.0,355.1
山西,570530,芮城,3442,11043.0,507.1
山西,570600,夏县,3510,11114.0,404.2
山西,570610,平陆,3450,11112.0,412.6
陕西,535670,府谷,3901,11100.0,1025.1
陕西,536460,榆林,3816,10947.0,1157.8
陕西,536510,神木,3849,11028.0,1099.1
陕西,536580,佳县,3802,11029.0,895.4
陕西,537250,定边,3735,10735.0,1361.2
陕西,537350,靖边,3737,10848.0,1337.8
陕西,537380,吴旗,3655,10810.0,1331.1
陕西,537400,横山,3756,10914.0,1107.5
陕西,537480,子长,3711,10942.0,1064.4
陕西,537500,米脂,3746,11011.0,931.6
陕西,537510,子洲,3736,11003.0,895.8
陕西,537540,绥德,3730,11013.0,930.7
陕西,537560,吴堡,3731,11043.0,745.0
陕西,537570,清涧,3707,11007.0,938.8
陕西,538320,志丹,3646,10846.0,1220.0
陕西,538410,安塞,3653,10919.0,1069.1
陕西,538480,甘泉,3616,10921.0,1005.4
陕西,538500,延川,3653,11011.0,805.7
陕西,538540,延长,3635,11004.0,805.5
陕西,538570,宜川,3604,11011.0,841.1
陕西,539290,长武,3512,10748.0,1206.8
陕西,539310,富县,3600,10922.0,984.8
陕西,539380,旬邑,3510,10818.0,1277.9
陕西,539410,白水,3511,10935.0,807.1
陕西,539420,洛川,3546,10925.0,1156.9
陕西,539440,黄陵,3534,10915.0,857.3
陕西,539450,宜君,3526,10904.0,1394.4
陕西,539460,黄龙,3536,10949.0,1091.0
陕西,539470,铜川,3505,10904.0,979.7
陕西,539480,蒲城,3457,10935.0,499.9
陕西,539490,澄城,3511,10955.0,680.4
陕西,539500,合阳,3514,11009.0,709.9
陕西,570030,陇县,3454,10650.0,925.1
陕西,570160,宝鸡,3421,10708.0,613.7
陕西,570200,宝鸡县,3422,10724.0,564.3
陕西,570210,千阳,3439,10708.0,751.5
陕西,570220,麟游,3441,10747.0,1026.4
陕西,570230,彬县,3501,10807.0,920.6
陕西,570240,岐山,3427,10739.0,671.1
陕西,570250,凤翔,3431,10723.0,782.0
陕西,570260,扶风,3422,10753.0,586.9
陕西,570270,眉县,3416,10744.0,518.4
陕西,570280,太白,3402,10719.0,1544.4
陕西,570290,礼泉,3430,10829.0,544.4
陕西,570300,永寿,3442,10809.0,995.4
陕西,570310,淳化,3449,10833.0,1013.5
陕西,570330,泾阳,3433,10849.0,429.0
陕西,570340,武功,3415,10813.0,449.2
陕西,570350,乾县,3433,10814.0,636.7
陕西,570370,耀县,3456,10859.0,711.8
陕西,570380,兴平,3417,10827.0,411.5
陕西,570410,三原,3438,10855.0,425.5
陕西,570420,富平,3447,10911.0,472.3
陕西,570430,大荔,3448,10958.0,352.3
陕西,570450,渭南,3431,10929.0,354.3
陕西,570460,华山,3429,11005.0,2057.9
陕西,570480,秦都,3424,10843.0,473.4
陕西,570540,潼关,3433,11014.0,557.1
陕西,570550,华阴,3433,11005.0,352.5
陕西,570570,洛南,3406,11009.0,964.2
陕西,571060,略阳,3319,10609.0,797.3
陕西,571130,凤县,3354,10632.0,986.7
陕西,571190,勉县,3310,10642.0,552.2
陕西,571230,杨凌,3417,10804.0,506.8
陕西,571240,留坝,3338,10656.0,1033.3
陕西,571270,汉中,3304,10702.0,510.7
陕西,571280,城固,3310,10720.0,487.0
陕西,571310,泾河,3426,10858.0,411.0
陕西,571340,佛坪,3331,10759.0,827.9
陕西,571370,宁陕,3319,10819.0,802.0
陕西,571400,柞水,3340,10907.0,819.4
陕西,571430,商县,3352,10958.0,743.8
陕西,571440,镇安,3326,10909.0,696.2
陕西,571530,丹凤,3341,11020.0,582.5
陕西,571540,商南,3332,11054.0,523.8
陕西,571550,山阳,3333,10952.0,661.0
陕西,572110,宁强,3250,10615.0,837.1
陕西,572130,南郑,3300,10656.0,537.5
陕西,572310,紫阳,3232,10832.0,505.0
陕西,572320,石泉,3303,10816.0,485.0
陕西,572330,汉阴,3254,10830.0,414.3
陕西,572380,镇巴,3232,10754.0,695.1
陕西,572420,旬阳,3251,10922.0,286.5
陕西,572450,安康,3243,10902.0,291.7
陕西,572470,岚皋,3219,10854.0,439.5
陕西,572480,平利,3224,10920.0,430.0
陕西,572540,白河,3249,11007.0,323.7
陕西,573430,镇坪,3154,10932.0,994.6
上海,583610,闵行,3106,12122.0,10.2
上海,583620,宝山,3124,12127.0,6.7
上海,583650,嘉定,3122,12115.0,9.2
上海,583660,崇明,3140,12130.0,5.8
上海,583670,徐家汇,3112,12126.0,8.6
上海,583690,南汇,3103,12147.0,6.2
上海,583700,浦东,3114,12132.0,8.1
上海,584600,金山,3044,12121.0,6.2
上海,584610,青浦,3108,12107.0,8.5
上海,584620,松江,3102,12114.0,9.1
上海,584630,奉贤,3053,12130.0,9.5
四川,560380,石渠,3259,9806.0,4201.0
四川,560790,若尔盖,3335,10258.0,3442.6
四川,560970,九寨沟,3316,10415.0,1441.7
四川,561440,德格,3148,9835.0,3185.0
四川,561460,甘孜,3137,10000.0,3394.6
四川,561470,白玉,3113,9850.0,3261.3
四川,561520,色达,3217,10020.0,3895.8
四川,561580,炉霍,3124,10040.0,3251.4
四川,561640,壤塘,3216,10059.0,3286.0
四川,561670,道孚,3059,10107.0,2959.2
四川,561680,金川,3129,10204.0,2170.1
四川,561710,阿坝,3254,10142.0,3276.3
四川,561720,马尔康,3154,10214.0,2666.3
四川,561730,红原,3248,10233.0,3492.8
四川,561780,小金,3100,10221.0,2439.2
四川,561800,茂县,3141,10351.0,1591.3
四川,561810,崇州,3041,10342.0,543.3
四川,561820,松潘,3240,10336.0,2882.5
四川,561830,汶川,3130,10337.0,1371.3
四川,561840,理县,3126,10310.0,1897.9
四川,561850,黑水,3205,10259.0,2401.3
四川,561860,绵竹,3120,10412.0,590.2
四川,561870,温江,3045,10352.0,548.9
四川,561880,都江堰,3100,10340.0,699.7
四川,561890,彭州,3059,10356.0,582.9
四川,561970,什邡,3109,10410.0,536.8
四川,561980,德阳,3119,10430.0,526.7
四川,561990,中江,3102,10441.0,424.7
四川,562470,巴塘,3000,9906.0,2590.2
四川,562510,新龙,3056,10019.0,2999.2
四川,562570,理塘,3000,10016.0,3950.5
四川,562630,丹巴,3053,10153.0,1951.0
四川,562670,雅江,3002,10101.0,2602.2
四川,562720,郫县,3049,10353.0,559.7
四川,562730,宝兴,3023,10249.0,1023.2
四川,562760,新津,3027,10349.0,468.2
四川,562780,天全,3004,10246.0,758.0
四川,562790,芦山,3009,10256.0,683.9
四川,562800,名山,3005,10307.0,692.4
四川,562810,蒲江,3011,10330.0,512.0
四川,562840,邛崃,3027,10326.0,519.5
四川,562850,大邑,3036,10331.0,525.3
四川,562860,龙泉驿,3033,10415.0,516.3
四川,562880,双流,3035,10355.0,495.8
四川,562890,彭山,3012,10352.0,438.2
四川,562900,新都,3047,10411.0,515.7
四川,562960,金堂,3051,10426.0,449.5
四川,562970,仁寿,3001,10409.0,437.7
四川,562980,资阳,3008,10436.0,417.9
四川,563570,稻城,2903,10018.0,3728.6
四川,563710,泸定,2955,10214.0,1322.4
四川,563730,荥经,2947,10251.0,763.7
四川,563740,康定,3003,10158.0,2615.5
四川,563760,汉源,2921,10238.0,1098.7
四川,563780,石棉,2914,10221.0,891.9
四川,563800,洪雅,2953,10321.0,572.4
四川,563810,丹棱,3004,10330.0,631.4
四川,563820,夹江,2944,10336.0,408.3
四川,563830,青神,2950,10352.0,456.4
四川,563840,峨眉,2936,10329.0,447.9
四川,563850,峨眉山,2931,10320.0,3048.3
四川,563860,乐山,2934,10345.0,425.2
四川,563870,峨边,2914,10316.0,643.4
四川,563890,犍为,2912,10357.0,388.8
四川,563900,井研,2940,10404.0,405.6
四川,563910,眉山,3005,10349.0,416.6
四川,563930,资中,2946,10451.0,370.9
四川,563940,荣县,2927,10426.0,385.3
四川,563950,威远,2931,10440.0,349.5
四川,563960,自贡,2921,10446.0,353.8
四川,563990,富顺,2911,10459.0,307.4
四川,564410,得荣,2843,9917.0,2424.1
四川,564430,乡城,2856,9948.0,2843.1
四川,564590,木里,2756,10116.0,2424.6
四川,564620,九龙,2900,10130.0,2931.4
四川,564730,甘洛,2857,10246.0,1061.5
四川,564740,冕宁,2833,10210.0,1775.2
四川,564750,越西,2839,10231.0,1660.1
四川,564780,喜德,2818,10226.0,1819.3
四川,564790,昭觉,2800,10251.0,2133.7
四川,564800,马边,2849,10332.0,565.2
四川,564850,雷波,2816,10335.0,1254.8
四川,564870,美姑,2820,10308.0,1945.1
四川,564900,沐川,2857,10354.0,425.2
四川,564910,宜宾县,2842,10434.0,288.2
四川,564920,宜宾,2848,10436.0,342.1
四川,564930,南溪,2851,10458.0,294.0
四川,564940,屏山,2839,10409.0,463.2
四川,564960,兴文,2819,10514.0,330.0
四川,564980,筠连,2809,10430.0,550.2
四川,564990,珙县,2823,10447.0,369.4
四川,565650,盐源,2726,10131.0,2545.0
四川,565690,德昌,2725,10211.0,1381.2
四川,565710,西昌,2754,10216.0,1592.7
四川,565750,普格,2722,10233.0,1429.2
四川,565780,宁南,2704,10245.0,994.8
四川,565800,布拖,2743,10248.0,2461.5
四川,565840,金阳,2742,10315.0,1093.7
四川,565920,高县,2826,10431.0,360.9
四川,565930,长宁,2835,10455.0,281.9
四川,566650,盐边,2641,10151.0,1141.5
四川,566660,攀枝花,2635,10143.0,1225.9
四川,566700,米易,2655,10207.0,1138.3
四川,566710,会理,2639,10215.0,1788.6
四川,566740,仁和,2630,10144.0,1109.1
四川,566750,会东,2639,10235.0,1695.7
四川,572040,青川,3234,10513.0,783.2
四川,572060,广元,3226,10551.0,513.5
四川,572080,剑阁,3217,10531.0,545.7
四川,572160,南江,3221,10650.0,580.5
四川,572170,旺苍,3214,10617.0,486.9
四川,572370,万源,3204,10802.0,675.0
四川,573030,苍溪,3144,10555.0,461.1
四川,573060,阆中,3135,10558.0,385.4
四川,573070,三台,3106,10505.0,406.1
四川,573080,盐亭,3113,10523.0,422.5
四川,573090,西充,3059,10553.0,379.4
四川,573130,巴中,3152,10646.0,419.0
四川,573140,南部,3121,10604.0,406.9
四川,573150,仪陇,3132,10624.0,656.8
四川,573170,蓬安,3102,10625.0,326.1
四川,573180,营山,3104,10633.0,339.7
四川,573200,通江,3156,10713.0,483.1
四川,573240,平昌,3135,10705.0,365.1
四川,573260,宣汉,3122,10743.0,390.5
四川,573280,达川,3112,10730.0,344.4
四川,573290,开江,3106,10751.0,468.5
四川,574010,射洪,3052,10522.0,384.3
四川,574020,蓬溪,3046,10542.0,395.5
四川,574050,遂宁,3030,10533.0,355.3
四川,574070,乐至,3017,10502.0,463.8
四川,574080,安岳,3007,10521.0,339.6
四川,574110,高坪,3047,10606.0,311.0
四川,574130,渠县,3051,10658.0,296.2
四川,574140,岳池,3031,10627.0,404.9
四川,574150,广安,3032,10638.0,395.5
四川,574160,邻水,3020,10656.0,392.5
四川,574170,武胜,3021,10617.0,317.1
四川,574200,大竹,3045,10711.0,419.0
四川,575030,东兴区,2937,10507.0,351.4
四川,575070,隆昌,2920,10518.0,386.9
四川,575080,泸县,2909,10522.0,295.0
四川,576000,江安,2843,10504.0,421.8
四川,576030,合江,2849,10550.0,284.4
四川,576080,叙永,2810,10526.0,378.6
天津,544280,蓟县,4002,11724.0,16.9
天津,545230,武清,3923,11701.0,5.7
天津,545250,宝坻,3944,11717.0,6.3
天津,545260,东丽区,3905,11720.0,2.6
天津,545270,天津,3905,11703.0,4.3
天津,545280,北辰区,3914,11708.0,4.6
天津,545290,宁河,3921,11749.0,5.1
天津,545300,汉沽区,3914,11746.0,2.5
天津,546190,静海,3855,11655.0,6.7
天津,546220,津南区,3859,11722.0,3.9
天津,546230,塘沽,3903,11743.0,5.7
天津,546450,大港,3851,11728.0,3.4
西藏,552280,狮泉河,3230,8005.0,4279.8
西藏,552480,改则,3209,8425.0,4416.1
西藏,552990,那曲,3129,9204.0,4508.2
西藏,554370,普兰,3017,8115.0,3901.2
西藏,554930,当雄,3029,9106.0,4201.2
西藏,555690,拉孜,2905,8736.0,4001.2
西藏,555720,南木林,2941,8906.0,4001.3
西藏,555930,墨竹工卡,2951,9144.0,3805.1
西藏,555970,琼结,2902,9141.0,3741.2
西藏,555980,泽当,2916,9146.0,3561.5
西藏,556550,聂拉木,2811,8558.0,3811.2
西藏,556640,定日,2838,8705.0,4301.2
西藏,556800,江孜,2855,8936.0,4041.2
西藏,561160,丁青,3125,9536.0,3874.3
西藏,561280,类乌齐,3113,9636.0,3811.2
西藏,561370,昌都,3109,9710.0,3316.2
西藏,562230,洛隆,3045,9550.0,3641.2
西藏,562270,波密,2952,9546.0,2737.2
西藏,562280,八宿,3003,9655.0,3261.0
西藏,563120,林芝,2940,9420.0,2993.0
西藏,563170,米林,2913,9413.0,2951.2
西藏,563310,左贡,2940,9750.0,3781.2
西藏,564340,察隅,2839,9728.0,2328.8
新疆,510530,哈巴河,4803,8624.0,533.7
新疆,510580,阿克达拉,4706,8758.0,564.3
新疆,510600,布尔津,4742,8652.0,475.6
新疆,510680,福海,4707,8728.0,502.7
新疆,510760,阿勒泰,4744,8805.0,736.5
新疆,510870,富蕴,4659,8931.0,809.7
新疆,511330,塔城,4644,8300.0,536.0
新疆,511370,裕民,4612,8256.0,715.7
新疆,511450,额敏,4633,8339.0,523.6
新疆,511560,和布克赛尔,4647,8543.0,1294.2
新疆,512320,阿拉山口,4511,8234.0,337.1
新疆,512380,博乐,4454,8204.0,533.2
新疆,512410,托里,4556,8336.0,1077.1
新疆,512430,克拉玛依,4537,8451.0,450.7
新疆,513340,精河,4434,8249.0,330.2
新疆,513570,沙湾,4420,8537.0,524.3
新疆,513590,玛纳斯,4419,8612.0,473.6
新疆,513670,呼图壁,4410,8651.0,576.2
新疆,513680,昌吉,4407,8719.0,516.7
新疆,513690,米泉,4358,8739.0,601.2
新疆,513770,阜康,4410,8755.0,547.9
新疆,513780,吉木萨尔,4401,8910.0,735.9
新疆,514680,天山大西沟,4306,8650.0,3543.8
新疆,514690,乌鲁木齐牧试,站 4327,8711.0,1928.5
新疆,514700,天池,4353,8807.0,1943.3
新疆,514770,达坂城,4321,8819.0,1104.4
新疆,514820,木垒,4350,9017.0,1272.5
新疆,515260,库米什,4214,8813.0,924.0
新疆,515420,巴音布鲁克,4302,8409.0,2459.4
新疆,515670,焉耆,4205,8634.0,1056.5
新疆,515710,托克逊,4248,8838.0,2.0
新疆,515720,吐鲁番东坎,4250,8915.0,-47.4
新疆,515730,吐鲁番,4256,8912.0,35.2
新疆,516270,乌什,4113,7914.0,1397.7
新疆,516280,阿克苏,4110,8014.0,1105.0
新疆,516360,新和,4133,8239.0,1010.8
新疆,516390,沙雅,4114,8247.0,982.5
新疆,516560,库尔勒,4145,8608.0,932.5
新疆,517040,阿图什,3943,7610.0,1299.5
新疆,517050,乌恰,3943,7515.0,2176.7
新疆,517070,伽师,3930,7644.0,1209.6
新疆,517090,喀什,3929,7545.0,1386.7
新疆,517170,岳普湖,3915,7647.0,1207.8
新疆,517200,柯坪,4030,7903.0,1162.5
新疆,517220,阿瓦提,4039,8024.0,1045.1
新疆,517300,阿拉尔,4033,8116.0,1013.1
新疆,517470,塔中,3900,8340.0,1100.0
新疆,517650,铁干里克,4038,8742.0,847.7
新疆,518020,英吉沙,3856,7610.0,1299.1
新疆,518100,麦盖提,3855,7738.0,1179.2
新疆,518110,莎车,3826,7716.0,1232.2
新疆,518140,叶城,3755,7724.0,1360.4
新疆,518150,泽普,3812,7716.0,1275.7
新疆,518180,皮山,3737,7817.0,1376.4
新疆,518260,策勒,3701,8048.0,1337.0
新疆,518270,墨玉,3710,7938.0,1350.1
新疆,518280,和田,3708,7956.0,1376.0
新疆,518290,洛浦,3705,8010.0,1349.0
新疆,518390,民丰,3704,8243.0,1410.5
新疆,518550,且末,3809,8533.0,1248.4
新疆,519310,于田,3651,8139.0,1423.3
新疆,521010,巴里坤,4336,9303.0,1680.4
新疆,521120,淖毛湖,4345,9459.0,480.0
新疆,521180,伊吾,4316,9442.0,1729.6
新疆,522030,哈密,4249,9331.0,738.3
新疆,523130,红柳河,4132,9440.0,1574.8
云南,564440,德钦,2829,9855.0,3320.8
云南,564830,绥江,2835,10357.0,494.5
云南,564890,永善,2814,10338.0,876.3
云南,564970,盐津,2806,10414.0,433.3
云南,565330,贡山,2745,9840.0,1587.7
云南,565430,香格里拉,2750,9942.0,3277.6
云南,565480,维西,2710,9917.0,2326.0
云南,565670,宁蒗,2718,10051.0,2242.3
云南,565820,大关,2745,10354.0,1177.0
云南,565850,鲁甸,2711,10332.0,1916.0
云南,565860,昭通,2721,10343.0,1950.0
云南,565940,彝良,2738,10403.0,884.0
云南,565950,镇雄,2725,10452.0,1644.3
云南,565960,威信,2751,10503.0,1176.5
云南,566410,福贡,2654,9852.0,1191.5
云南,566430,六库,2552,9851.0,950.6
云南,566450,兰坪,2625,9925.0,2345.9
云南,566460,剑川,2632,9955.0,2193.5
云南,566490,洱源,2606,9958.0,2059.9
云南,566510,丽江,2651,10013.0,2382.1
云南,566520,永胜,2641,10045.0,2131.0
云南,566540,鹤庆,2635,10011.0,2196.8
云南,566640,华坪,2638,10116.0,1230.8
云南,566690,永仁,2603,10140.0,1534.1
云南,566730,巧家,2655,10255.0,894.9
云南,566840,会泽,2624,10315.0,2189.3
云南,566880,东川,2606,10310.0,1253.4
云南,566970,宣威,2613,10405.0,1987.4
云南,567390,腾冲,2459,9830.0,1696.9
云南,567420,云龙,2554,9922.0,1663.9
云南,567450,漾濞,2541,9957.0,1627.2
云南,567460,永平,2528,9931.0,1618.3
云南,567480,保山,2507,9911.0,1651.2
云南,567510,大理,2542,10011.0,1991.6
云南,567520,宾川,2550,10034.0,1440.3
云南,567550,弥渡,2521,10029.0,1670.0
云南,567570,巍山,2516,10017.0,1744.0
云南,567610,大姚,2543,10119.0,1873.7
云南,567640,姚安,2532,10114.0,1875.2
云南,567660,牟定,2518,10131.0,1821.6
云南,567670,南华,2511,10117.0,1858.3
云南,567720,富民,2514,10230.0,1694.4
云南,567740,武定,2532,10225.0,1712.0
云南,567770,禄丰,2509,10204.0,1566.8
云南,567780,昆明,2500,10239.0,1889.1
云南,567820,马龙,2525,10333.0,2064.8
云南,567830,曲靖,2530,10348.0,1906.3
云南,567850,嵩明,2521,10305.0,1916.7
云南,567900,富源,2541,10415.0,1920.5
云南,568350,陇川,2404,9749.0,958.7
云南,568360,盈江,2442,9757.0,828.1
云南,568390,镇康,2346,9849.0,994.5
云南,568400,粱河,2449,9818.0,1013.7
云南,568410,龙陵,2436,9841.0,1527.6
云南,568420,施甸,2444,9911.0,1473.4
云南,568430,昌宁,2450,9937.0,1650.2
云南,568440,芒市,2426,9835.0,915.0
云南,568460,凤庆,2435,9956.0,1569.8
云南,568490,永德,2402,9914.0,1607.2
云南,568510,南涧,2502,10031.0,1378.6
云南,568540,云县,2427,10008.0,1108.1
云南,568560,景东,2428,10052.0,1163.5
云南,568620,双柏,2441,10136.0,1966.0
云南,568630,安宁,2456,10229.0,1850.0
云南,568670,镇沅,2359,10107.0,1107.2
云南,568690,新平,2404,10158.0,1498.2
云南,568700,易门,2439,10211.0,1597.7
云南,568710,晋宁,2439,10236.0,1894.2
云南,568730,澄江,2441,10255.0,1788.5
云南,568750,玉溪,2420,10233.0,1717.5
云南,568760,江川,2417,10246.0,1732.5
云南,568780,通海,2408,10245.0,1802.4
云南,568790,华宁,2411,10255.0,1698.9
云南,568800,宜良,2455,10310.0,1532.9
云南,568810,石林,2445,10316.0,1694.7
云南,568820,呈贡,2453,10248.0,1909.2
云南,568830,师宗,2449,10359.0,1901.9
云南,568850,弥勒,2424,10327.0,1416.7
云南,568860,泸西,2432,10346.0,1705.5
云南,568890,丘北,2403,10410.0,1518.5
云南,568910,罗平,2459,10419.0,1482.4
云南,568980,峨山,2411,10224.0,1601.2
云南,569440,沧源,2309,9916.0,1280.7
云南,569460,耿马,2333,9924.0,1104.8
云南,569480,西盟,2238,9936.0,1156.1
云南,569490,孟连,2219,9936.0,946.1
云南,569500,双江,2328,9948.0,1044.0
云南,569510,临沧,2353,10005.0,1502.6
云南,569520,景谷,2330,10042.0,914.0
云南,569540,澜沧,2234,9956.0,1054.4
云南,569580,勐海,2155,10025.0,1177.5
云南,569620,墨江,2325,10140.0,1315.3
云南,569640,思茅,2247,10058.0,1302.9
云南,569660,元江,2336,10159.0,401.6
云南,569690,勐腊,2128,10135.0,634.4
云南,569700,石屏,2342,10229.0,1419.9
云南,569750,红河,2322,10226.0,975.9
云南,569760,元阳,2314,10250.0,229.4
云南,569770,江城,2235,10151.0,1121.0
云南,569780,绿春,2300,10225.0,1640.7
云南,569820,开远,2342,10317.0,1117.6
云南,569840,个旧,2323,10309.0,1717.7
云南,569870,金平,2247,10314.0,1261.1
云南,569910,砚山,2337,10420.0,1561.1
云南,569920,西畴,2327,10442.0,1508.1
云南,569940,文山,2320,10417.0,1292.7
云南,569950,马关,2302,10425.0,1335.4
云南,590070,广南,2404,10504.0,1251.4
云南,592050,富宁,2339,10538.0,688.3
浙江,584430,长兴,3101,11954.0,19.8
浙江,584460,安吉,3038,11942.0,66.8
浙江,584480,临安,3013,11942.0,118.6
浙江,584490,富阳,3003,11957.0,47.9
浙江,584500,湖州,3052,12003.0,7.8
浙江,584510,嘉善,3050,12056.0,3.4
浙江,584520,嘉兴,3044,12046.0,4.3
浙江,584530,绍兴,3004,12030.0,10.7
浙江,584540,德清,3032,11959.0,103.0
浙江,584550,海宁,3031,12039.0,8.1
浙江,584560,桐乡,3038,12031.0,6.7
浙江,584570,杭州,3014,12010.0,42.6
浙江,584580,海盐,3032,12054.0,3.9
浙江,584590,萧山,3011,12017.0,42.4
浙江,584640,平湖,3039,12107.0,5.5
浙江,584670,慈溪,3012,12116.0,5.7
浙江,584680,余姚,3003,12110.0,6.6
浙江,584720,嵊泗,3044,12227.0,73.9
浙江,584770,定海,3002,12206.0,36.7
浙江,584840,岱山,3015,12212.0,9.4
浙江,585370,开化,2908,11824.0,154.1
浙江,585420,桐庐,2949,11941.0,47.3
浙江,585430,淳安,2937,11901.0,172.6
浙江,585440,建德,2929,11916.0,90.1
浙江,585460,浦江,2928,11953.0,114.2
浙江,585470,龙游,2902,11911.0,65.1
浙江,585480,兰溪,2913,11928.0,46.7
浙江,585490,金华,2907,11939.0,61.4
浙江,585500,诸暨,2942,12015.0,39.4
浙江,585530,上虞,3003,12049.0,6.4
浙江,585550,新昌,2931,12053.0,112.4
浙江,585560,嵊州,2936,12049.0,103.8
浙江,585570,义乌,2920,12005.0,87.6
浙江,585580,东阳,2916,12013.0,89.0
浙江,585590,天台,2910,12059.0,59.5
浙江,585600,磐安,2903,12026.0,301.3
浙江,585610,镇海,2959,12136.0,5.2
浙江,585620,鄞州,2947,12133.0,6.2
浙江,585630,北仑,2953,12150.0,6.0
浙江,585650,奉化,2942,12123.0,42.7
浙江,585660,象山,2928,12153.0,7.2
浙江,585670,宁海,2919,12126.0,40.4
浙江,585680,三门,2907,12123.0,35.9
浙江,585690,石浦,2912,12157.0,129.2
浙江,585700,普陀,2957,12218.0,83.2
浙江,586310,常山,2854,11830.0,132.1
浙江,586320,江山,2843,11836.0,124.1
浙江,586420,武义,2853,11948.0,102.6
浙江,586430,永康,2854,12002.0,99.4
浙江,586440,遂昌,2836,11917.0,237.2
浙江,586460,丽水,2827,11955.0,59.6
浙江,586470,龙泉,2805,11908.0,217.3
浙江,586520,仙居,2852,12043.0,79.1
浙江,586540,缙云,2840,12005.0,184.9
浙江,586560,乐清,2804,12058.0,58.2
浙江,586570,青田,2809,12017.0,59.0
浙江,586580,永嘉,2809,12041.0,36.4
浙江,586590,温州,2802,12039.0,29.0
浙江,586600,临海,2852,12112.0,6.8
浙江,586640,温岭,2822,12122.0,33.6
浙江,586650,洪家,2837,12125.0,5.3
浙江,586660,大陈,2827,12154.0,84.4
浙江,586670,玉环,2805,12116.0,99.4
浙江,587420,云和,2807,11933.0,159.6
浙江,587450,庆元,2737,11905.0,391.7
浙江,587460,泰顺,2733,11942.0,514.2
浙江,587500,文成,2747,12005.0,106.4
浙江,587510,平阳,2740,12034.0,255.0
浙江,587520,瑞安,2747,12039.0,37.9
浙江,586480,景宁,2800,11938.0,247.8
重庆,573330,城口,3157,10840.0,800.0
重庆,573380,开县,3111,10825.0,213.2
重庆,573390,云阳,3057,10841.0,296.4
重庆,573450,巫溪,3124,10937.0,339.8
重庆,573480,奉节,3101,10932.0,300.3
重庆,573490,巫山,3104,10952.0,275.9
重庆,574090,潼南,3011,10548.0,295.8
重庆,574250,垫江,3020,10720.0,430.5
重庆,574310,天城,3050,10821.0,256.8
重庆,574320,万州,3046,10824.0,188.8
重庆,574370,忠县,3018,10802.0,326.3
重庆,574380,石柱,2959,10807.0,630.3
重庆,575020,大足,2942,10542.0,395.3
重庆,575050,荣昌,2925,10535.0,324.0
重庆,575060,永川,2922,10554.0,351.8
重庆,575090,万盛,2857,10656.0,325.7
重庆,575100,铜梁,2951,10604.0,327.5
重庆,575110,北碚,2951,10627.0,242.9
重庆,575120,合川,2958,10617.0,231.2
重庆,575130,渝北,2944,10637.0,465.5
重庆,575140,璧山,2935,10613.0,325.0
重庆,575160,沙坪坝,2935,10628.0,259.6
重庆,575170,江津,2917,10615.0,256.3
重庆,575180,巴南,2920,10630.0,506.9
重庆,575190,南川,2910,10707.0,699.8
重庆,575200,长寿,2950,10704.0,382.8
重庆,575230,丰都,2951,10744.0,290.4
重庆,575250,武隆,2919,10745.0,273.3
重庆,575360,黔江,2932,10847.0,608.8
重庆,575370,彭水,2918,10810.0,321.3
重庆,576120,綦江,2900,10639.0,475.9
重庆,576330,酉阳,2849,10846.0,827.7
重庆,576350,秀山,2827,10859.0,364.0
极地,895730,南极中山,-6922,-7622.0,17.0
极地,890580,南极长城,-6213,-5858.0,12.0
